character,category,source,species,species_id,id_source,keep(Y/n)
Agatha,elite4,bulbapedia,Alakazam,65,prism_rom,Y
Agatha,elite4,bulbapedia,Arbok,,unresolved,Y
Agatha,elite4,bulbapedia,Cacnea,104,prism_rom,Y
Agatha,elite4,bulbapedia,Charizard,6,prism_rom,Y
Agatha,elite4,bulbapedia,Clefairy,,unresolved,Y
Agatha,elite4,bulbapedia,Crobat,169,prism_rom,Y
Agatha,elite4,bulbapedia,Dodrio,,unresolved,Y
Agatha,elite4,bulbapedia,Gastly,92,prism_rom,Y
Agatha,elite4,bulbapedia,Gengar,94,prism_rom,Y
Agatha,elite4,bulbapedia,Golbat,42,prism_rom,Y
Agatha,elite4,bulbapedia,Gyarados,130,prism_rom,Y
Agatha,elite4,bulbapedia,Haunter,93,prism_rom,Y
Agatha,elite4,bulbapedia,Jynx,,unresolved,Y
Agatha,elite4,bulbapedia,Marowak,,unresolved,Y
Agatha,elite4,bulbapedia,Misdreavus,200,prism_rom,Y
Agatha,elite4,bulbapedia,Muk,,unresolved,Y
Agatha,elite4,bulbapedia,Pikachu,25,prism_rom,Y
Agatha,elite4,bulbapedia,Rhydon,112,prism_rom,Y
Agatha,elite4,bulbapedia,Scyther,123,prism_rom,Y
Agatha,elite4,bulbapedia,Venusaur,3,prism_rom,Y
Agatha,elite4,bulbapedia,Weezing,110,prism_rom,Y
Andre,gymleader,rijon,Gallade,166,prism_rom,Y
Andre,gymleader,rijon,Lucario,214,prism_rom,Y
Andre,gymleader,rijon,Machamp,68,prism_rom,Y
Andre,gymleader,rijon,Machoke,67,prism_rom,Y
Archer,villain,bulbapedia,Arceus,,unresolved,Y
Archer,villain,bulbapedia,Crobat,169,prism_rom,Y
Archer,villain,bulbapedia,Dialga,,unresolved,Y
Archer,villain,bulbapedia,Dragonite,,unresolved,Y
Archer,villain,bulbapedia,Electrode,,unresolved,Y
Archer,villain,bulbapedia,Giratina,,unresolved,Y
Archer,villain,bulbapedia,Golbat,42,prism_rom,Y
Archer,villain,bulbapedia,Houndoom,229,prism_rom,Y
Archer,villain,bulbapedia,Houndour,228,prism_rom,Y
Archer,villain,bulbapedia,Hypno,,unresolved,Y
Archer,villain,bulbapedia,Koffing,109,prism_rom,Y
Archer,villain,bulbapedia,Magmar,126,prism_rom,Y
Archer,villain,bulbapedia,Misdreavus,200,prism_rom,Y
Archer,villain,bulbapedia,Muk,,unresolved,Y
Archer,villain,bulbapedia,Octillery,,unresolved,Y
Archer,villain,bulbapedia,Palkia,,unresolved,Y
Archer,villain,bulbapedia,Parasect,47,prism_rom,Y
Archer,villain,bulbapedia,Persian,,unresolved,Y
Archer,villain,bulbapedia,Raticate,,unresolved,Y
Archer,villain,bulbapedia,Totodile,158,prism_rom,Y
Archer,villain,bulbapedia,Tyranitar,248,prism_rom,Y
Archer,villain,bulbapedia,Victreebel,71,prism_rom,Y
Archer,villain,bulbapedia,Weezing,110,prism_rom,Y
Archer,villain,bulbapedia,Wobbuffet,,unresolved,Y
Ariana,villain,bulbapedia,Arbok,,unresolved,Y
Ariana,villain,bulbapedia,Drowzee,,unresolved,Y
Ariana,villain,bulbapedia,Gloom,,unresolved,Y
Ariana,villain,bulbapedia,Golbat,42,prism_rom,Y
Ariana,villain,bulbapedia,Grimer,,unresolved,Y
Ariana,villain,bulbapedia,Kabutops,,unresolved,Y
Ariana,villain,bulbapedia,Lickitung,,unresolved,Y
Ariana,villain,bulbapedia,Magcargo,219,prism_rom,Y
Ariana,villain,bulbapedia,Muk,,unresolved,Y
Ariana,villain,bulbapedia,Murkrow,,unresolved,Y
Ariana,villain,bulbapedia,Raticate,,unresolved,Y
Ariana,villain,bulbapedia,Rhyperior,206,prism_rom,Y
Ariana,villain,bulbapedia,Sneasel,215,prism_rom,Y
Ariana,villain,bulbapedia,Victreebel,71,prism_rom,Y
Ariana,villain,bulbapedia,Vileplume,,unresolved,Y
Ash,anime,bulbapedia,Avalugg,,unresolved,Y
Ash,anime,bulbapedia,Blaziken,,unresolved,Y
Ash,anime,bulbapedia,Charizard,6,prism_rom,Y
Ash,anime,bulbapedia,Chimchar,,unresolved,Y
Ash,anime,bulbapedia,Cosmoem,,unresolved,Y
Ash,anime,bulbapedia,Cosmog,,unresolved,Y
Ash,anime,bulbapedia,Darkrai,,unresolved,Y
Ash,anime,bulbapedia,Dracovish,,unresolved,Y
Ash,anime,bulbapedia,Dragonite,,unresolved,Y
Ash,anime,bulbapedia,Eternatus,,unresolved,Y
Ash,anime,bulbapedia,Frogadier,,unresolved,Y
Ash,anime,bulbapedia,Garchomp,224,prism_rom,Y
Ash,anime,bulbapedia,Gengar,94,prism_rom,Y
Ash,anime,bulbapedia,Goomy,,unresolved,Y
Ash,anime,bulbapedia,Grapploct,,unresolved,Y
Ash,anime,bulbapedia,Greninja,,unresolved,Y
Ash,anime,bulbapedia,Gumshoos,,unresolved,Y
Ash,anime,bulbapedia,Gyarados,130,prism_rom,Y
Ash,anime,bulbapedia,Honchkrow,,unresolved,Y
Ash,anime,bulbapedia,Incineroar,,unresolved,Y
Ash,anime,bulbapedia,Infernape,,unresolved,Y
Ash,anime,bulbapedia,Latios,,unresolved,Y
Ash,anime,bulbapedia,Lucario,214,prism_rom,Y
Ash,anime,bulbapedia,Lugia,249,prism_rom,Y
Ash,anime,bulbapedia,Lunala,,unresolved,Y
Ash,anime,bulbapedia,Lycanroc,,unresolved,Y
Ash,anime,bulbapedia,Machamp,68,prism_rom,Y
Ash,anime,bulbapedia,Meltan,,unresolved,Y
Ash,anime,bulbapedia,Mimikyu,,unresolved,Y
Ash,anime,bulbapedia,Oddish,,unresolved,Y
Ash,anime,bulbapedia,Pidove,,unresolved,Y
Ash,anime,bulbapedia,Pikachu,25,prism_rom,Y
Ash,anime,bulbapedia,Reshiram,,unresolved,Y
Ash,anime,bulbapedia,Scraggy,,unresolved,Y
Ash,anime,bulbapedia,Sirfetch'd,,unresolved,Y
Ash,anime,bulbapedia,Skiploom,,unresolved,Y
Ash,anime,bulbapedia,Sliggoo,,unresolved,Y
Ash,anime,bulbapedia,Solgaleo,,unresolved,Y
Ash,anime,bulbapedia,Spewpa,,unresolved,Y
Ash,anime,bulbapedia,Staravia,,unresolved,Y
Ash,anime,bulbapedia,Taillow,19,prism_rom,Y
Ash,anime,bulbapedia,Zekrom,,unresolved,Y
Ash,anime,bulbapedia,Zygarde,,unresolved,Y
Ayaka,gymleader,rijon,Drapion,53,prism_rom,Y
Ayaka,gymleader,rijon,Haunter,93,prism_rom,Y
Ayaka,gymleader,rijon,Torkoal,15,prism_rom,Y
Ayaka,gymleader,rijon,Weezing,110,prism_rom,Y
Blaine,gymleader,bulbapedia,Arcanine,59,prism_rom,Y
Blaine,gymleader,bulbapedia,Articuno,144,prism_rom,Y
Blaine,gymleader,bulbapedia,Camerupt,186,prism_rom,Y
Blaine,gymleader,bulbapedia,Chansey,113,prism_rom,Y
Blaine,gymleader,bulbapedia,Charizard,6,prism_rom,Y
Blaine,gymleader,bulbapedia,Clefable,,unresolved,Y
Blaine,gymleader,bulbapedia,Clefairy,,unresolved,Y
Blaine,gymleader,bulbapedia,Flareon,136,prism_rom,Y
Blaine,gymleader,bulbapedia,Golem,76,prism_rom,Y
Blaine,gymleader,bulbapedia,Growlithe,58,prism_rom,Y
Blaine,gymleader,bulbapedia,Houndoom,229,prism_rom,Y
Blaine,gymleader,bulbapedia,Jigglypuff,39,prism_rom,Y
Blaine,gymleader,bulbapedia,Kangaskhan,115,prism_rom,Y
Blaine,gymleader,bulbapedia,Magcargo,219,prism_rom,Y
Blaine,gymleader,bulbapedia,Magmar,126,prism_rom,Y
Blaine,gymleader,bulbapedia,Magmortar,128,prism_rom,Y
Blaine,gymleader,bulbapedia,Meowth,,unresolved,Y
Blaine,gymleader,bulbapedia,Moltres,146,prism_rom,Y
Blaine,gymleader,bulbapedia,Mr. Mime,,unresolved,Y
Blaine,gymleader,bulbapedia,Ninetales,38,prism_rom,Y
Blaine,gymleader,bulbapedia,Octillery,,unresolved,Y
Blaine,gymleader,bulbapedia,Parasect,47,prism_rom,Y
Blaine,gymleader,bulbapedia,Pikachu,25,prism_rom,Y
Blaine,gymleader,bulbapedia,Ponyta,77,prism_rom,Y
Blaine,gymleader,bulbapedia,Primeape,,unresolved,Y
Blaine,gymleader,bulbapedia,Rapidash,78,prism_rom,Y
Blaine,gymleader,bulbapedia,Rhydon,112,prism_rom,Y
Blaine,gymleader,bulbapedia,Rotom,,unresolved,Y
Blaine,gymleader,bulbapedia,Squirtle,7,prism_rom,Y
Blaine,gymleader,bulbapedia,Tangela,114,prism_rom,Y
Blaine,gymleader,bulbapedia,Togepi,175,prism_rom,Y
Blaine,gymleader,bulbapedia,Torkoal,15,prism_rom,Y
Blaine,gymleader,bulbapedia,Vileplume,,unresolved,Y
Blaine,gymleader,bulbapedia,Voltorb,,unresolved,Y
Blue,champion,bulbapedia,Aerodactyl,,unresolved,Y
Blue,champion,bulbapedia,Alakazam,65,prism_rom,Y
Blue,champion,bulbapedia,Arbok,,unresolved,Y
Blue,champion,bulbapedia,Arcanine,59,prism_rom,Y
Blue,champion,bulbapedia,Blastoise,9,prism_rom,Y
Blue,champion,bulbapedia,Charizard,6,prism_rom,Y
Blue,champion,bulbapedia,Clefable,,unresolved,Y
Blue,champion,bulbapedia,Cloyster,,unresolved,Y
Blue,champion,bulbapedia,Dragonite,,unresolved,Y
Blue,champion,bulbapedia,Eevee,133,prism_rom,Y
Blue,champion,bulbapedia,Electabuzz,125,prism_rom,Y
Blue,champion,bulbapedia,Exeggutor,103,prism_rom,Y
Blue,champion,bulbapedia,Feraligatr,160,prism_rom,Y
Blue,champion,bulbapedia,Flareon,136,prism_rom,Y
Blue,champion,bulbapedia,Gengar,94,prism_rom,Y
Blue,champion,bulbapedia,Gyarados,130,prism_rom,Y
Blue,champion,bulbapedia,Heracross,,unresolved,Y
Blue,champion,bulbapedia,Houndoom,229,prism_rom,Y
Blue,champion,bulbapedia,Jolteon,135,prism_rom,Y
Blue,champion,bulbapedia,Kingdra,,unresolved,Y
Blue,champion,bulbapedia,Lapras,,unresolved,Y
Blue,champion,bulbapedia,Machamp,68,prism_rom,Y
Blue,champion,bulbapedia,Magneton,82,prism_rom,Y
Blue,champion,bulbapedia,Miltank,,unresolved,Y
Blue,champion,bulbapedia,Ninetales,38,prism_rom,Y
Blue,champion,bulbapedia,Pidgeot,18,prism_rom,Y
Blue,champion,bulbapedia,Pikachu,25,prism_rom,Y
Blue,champion,bulbapedia,Piloswine,221,prism_rom,Y
Blue,champion,bulbapedia,Pinsir,,unresolved,Y
Blue,champion,bulbapedia,Rhydon,112,prism_rom,Y
Blue,champion,bulbapedia,Rhyperior,206,prism_rom,Y
Blue,champion,bulbapedia,Sandslash,,unresolved,Y
Blue,champion,bulbapedia,Scyther,123,prism_rom,Y
Blue,champion,bulbapedia,Slowbro,80,prism_rom,Y
Blue,champion,bulbapedia,Tauros,,unresolved,Y
Blue,champion,bulbapedia,Tyranitar,248,prism_rom,Y
Blue,champion,bulbapedia,Vaporeon,134,prism_rom,Y
Blue,champion,bulbapedia,Venusaur,3,prism_rom,Y
Blue,champion,bulbapedia,Zapdos,145,prism_rom,Y
Brock,gymleader,bulbapedia,Aerodactyl,,unresolved,Y
Brock,gymleader,bulbapedia,Aipom,,unresolved,Y
Brock,gymleader,bulbapedia,Ampharos,181,prism_rom,Y
Brock,gymleader,bulbapedia,Blissey,242,prism_rom,Y
Brock,gymleader,bulbapedia,Bonsly,,unresolved,Y
Brock,gymleader,bulbapedia,Charizard,6,prism_rom,Y
Brock,gymleader,bulbapedia,Charmander,4,prism_rom,Y
Brock,gymleader,bulbapedia,Clefairy,,unresolved,Y
Brock,gymleader,bulbapedia,Comfey,,unresolved,Y
Brock,gymleader,bulbapedia,Croagunk,,unresolved,Y
Brock,gymleader,bulbapedia,Crobat,169,prism_rom,Y
Brock,gymleader,bulbapedia,Cubone,,unresolved,Y
Brock,gymleader,bulbapedia,Dugtrio,,unresolved,Y
Brock,gymleader,bulbapedia,Feraligatr,160,prism_rom,Y
Brock,gymleader,bulbapedia,Forretress,205,prism_rom,Y
Brock,gymleader,bulbapedia,Gastly,92,prism_rom,Y
Brock,gymleader,bulbapedia,Geodude,74,prism_rom,Y
Brock,gymleader,bulbapedia,Golbat,42,prism_rom,Y
Brock,gymleader,bulbapedia,Golem,76,prism_rom,Y
Brock,gymleader,bulbapedia,Graveler,75,prism_rom,Y
Brock,gymleader,bulbapedia,Gyarados,130,prism_rom,Y
Brock,gymleader,bulbapedia,Hatterene,,unresolved,Y
Brock,gymleader,bulbapedia,Heracross,,unresolved,Y
Brock,gymleader,bulbapedia,Hoothoot,,unresolved,Y
Brock,gymleader,bulbapedia,Kabuto,,unresolved,Y
Brock,gymleader,bulbapedia,Kabutops,,unresolved,Y
Brock,gymleader,bulbapedia,Kangaskhan,115,prism_rom,Y
Brock,gymleader,bulbapedia,Ludicolo,122,prism_rom,Y
Brock,gymleader,bulbapedia,Lycanroc,,unresolved,Y
Brock,gymleader,bulbapedia,Machop,66,prism_rom,Y
Brock,gymleader,bulbapedia,Magnemite,81,prism_rom,Y
Brock,gymleader,bulbapedia,Metapod,11,prism_rom,Y
Brock,gymleader,bulbapedia,Mime Jr.,,unresolved,Y
Brock,gymleader,bulbapedia,Nidoran♂,,unresolved,Y
Brock,gymleader,bulbapedia,Ninetales,38,prism_rom,Y
Brock,gymleader,bulbapedia,Nuzleaf,,unresolved,Y
Brock,gymleader,bulbapedia,Omanyte,,unresolved,Y
Brock,gymleader,bulbapedia,Omastar,,unresolved,Y
Brock,gymleader,bulbapedia,Onix,95,prism_rom,Y
Brock,gymleader,bulbapedia,Pansage,,unresolved,Y
Brock,gymleader,bulbapedia,Pikachu,25,prism_rom,Y
Brock,gymleader,bulbapedia,Pinsir,,unresolved,Y
Brock,gymleader,bulbapedia,Rampardos,55,prism_rom,Y
Brock,gymleader,bulbapedia,Rattata,,unresolved,Y
Brock,gymleader,bulbapedia,Relicanth,124,prism_rom,Y
Brock,gymleader,bulbapedia,Rhydon,112,prism_rom,Y
Brock,gymleader,bulbapedia,Rhyhorn,111,prism_rom,Y
Brock,gymleader,bulbapedia,Rhyperior,206,prism_rom,Y
Brock,gymleader,bulbapedia,Shiftry,,unresolved,Y
Brock,gymleader,bulbapedia,Shuckle,,unresolved,Y
Brock,gymleader,bulbapedia,Slowbro,80,prism_rom,Y
Brock,gymleader,bulbapedia,Snorlax,143,prism_rom,Y
Brock,gymleader,bulbapedia,Spearow,21,prism_rom,Y
Brock,gymleader,bulbapedia,Staravia,,unresolved,Y
Brock,gymleader,bulbapedia,Steelix,208,prism_rom,Y
Brock,gymleader,bulbapedia,Suicune,,unresolved,Y
Brock,gymleader,bulbapedia,Taillow,19,prism_rom,Y
Brock,gymleader,bulbapedia,Tauros,,unresolved,Y
Brock,gymleader,bulbapedia,Torterra,,unresolved,Y
Brock,gymleader,bulbapedia,Totodile,158,prism_rom,Y
Brock,gymleader,bulbapedia,Turtonator,,unresolved,Y
Brock,gymleader,bulbapedia,Turtwig,,unresolved,Y
Brock,gymleader,bulbapedia,Tyranitar,248,prism_rom,Y
Brock,gymleader,bulbapedia,Ursaring,217,prism_rom,Y
Brock,gymleader,bulbapedia,Vileplume,,unresolved,Y
Brock,gymleader,bulbapedia,Vulpix,37,prism_rom,Y
Brock,gymleader,bulbapedia,Wailord,188,prism_rom,Y
Brock,gymleader,bulbapedia,Yungoos,,unresolved,Y
Brock,gymleader,bulbapedia,Zubat,41,prism_rom,Y
Brooklyn,gymleader,rijon,Jigglypuff,39,prism_rom,Y
Brooklyn,gymleader,rijon,Marill,183,prism_rom,Y
Brooklyn,gymleader,rijon,Wigglytuff,40,prism_rom,Y
Bruce,gymleader,rijon,Aggron,45,prism_rom,Y
Bruce,gymleader,rijon,Magneton,82,prism_rom,Y
Bruce,gymleader,rijon,Magnezone,83,prism_rom,Y
Bruce,gymleader,rijon,Mawile,117,prism_rom,Y
Bruce,gymleader,rijon,Metagross,149,prism_rom,Y
Bruno,elite4,bulbapedia,Blastoise,9,prism_rom,Y
Bruno,elite4,bulbapedia,Clefable,,unresolved,Y
Bruno,elite4,bulbapedia,Clefairy,,unresolved,Y
Bruno,elite4,bulbapedia,Diglett,,unresolved,Y
Bruno,elite4,bulbapedia,Dragonite,,unresolved,Y
Bruno,elite4,bulbapedia,Electrode,,unresolved,Y
Bruno,elite4,bulbapedia,Exeggcute,102,prism_rom,Y
Bruno,elite4,bulbapedia,Exeggutor,103,prism_rom,Y
Bruno,elite4,bulbapedia,Gastly,92,prism_rom,Y
Bruno,elite4,bulbapedia,Geodude,74,prism_rom,Y
Bruno,elite4,bulbapedia,Golem,76,prism_rom,Y
Bruno,elite4,bulbapedia,Granbull,,unresolved,Y
Bruno,elite4,bulbapedia,Gyarados,130,prism_rom,Y
Bruno,elite4,bulbapedia,Hariyama,101,prism_rom,Y
Bruno,elite4,bulbapedia,Heracross,,unresolved,Y
Bruno,elite4,bulbapedia,Hitmonchan,107,prism_rom,Y
Bruno,elite4,bulbapedia,Hitmonlee,106,prism_rom,Y
Bruno,elite4,bulbapedia,Hitmontop,237,prism_rom,Y
Bruno,elite4,bulbapedia,Jynx,,unresolved,Y
Bruno,elite4,bulbapedia,Kangaskhan,115,prism_rom,Y
Bruno,elite4,bulbapedia,Lapras,,unresolved,Y
Bruno,elite4,bulbapedia,Lucario,214,prism_rom,Y
Bruno,elite4,bulbapedia,Machamp,68,prism_rom,Y
Bruno,elite4,bulbapedia,Machoke,67,prism_rom,Y
Bruno,elite4,bulbapedia,Machop,66,prism_rom,Y
Bruno,elite4,bulbapedia,Magneton,82,prism_rom,Y
Bruno,elite4,bulbapedia,Muk,,unresolved,Y
Bruno,elite4,bulbapedia,Onix,95,prism_rom,Y
Bruno,elite4,bulbapedia,Pidgeot,18,prism_rom,Y
Bruno,elite4,bulbapedia,Pikachu,25,prism_rom,Y
Bruno,elite4,bulbapedia,Poliwrath,,unresolved,Y
Bruno,elite4,bulbapedia,Primeape,,unresolved,Y
Bruno,elite4,bulbapedia,Rhydon,112,prism_rom,Y
Bruno,elite4,bulbapedia,Sandslash,,unresolved,Y
Bruno,elite4,bulbapedia,Scyther,123,prism_rom,Y
Bruno,elite4,bulbapedia,Shellder,,unresolved,Y
Bruno,elite4,bulbapedia,Slowbro,80,prism_rom,Y
Bruno,elite4,bulbapedia,Steelix,208,prism_rom,Y
Bruno,elite4,bulbapedia,Tyrogue,236,prism_rom,Y
Bruno,elite4,bulbapedia,Ursaring,217,prism_rom,Y
Bugsy,gymleader,bulbapedia,Armaldo,142,prism_rom,Y
Bugsy,gymleader,bulbapedia,Bayleef,153,prism_rom,Y
Bugsy,gymleader,bulbapedia,Beedrill,,unresolved,Y
Bugsy,gymleader,bulbapedia,Butterfree,12,prism_rom,Y
Bugsy,gymleader,bulbapedia,Caterpie,10,prism_rom,Y
Bugsy,gymleader,bulbapedia,Clefairy,,unresolved,Y
Bugsy,gymleader,bulbapedia,Cyndaquil,155,prism_rom,Y
Bugsy,gymleader,bulbapedia,Forretress,205,prism_rom,Y
Bugsy,gymleader,bulbapedia,Heracross,,unresolved,Y
Bugsy,gymleader,bulbapedia,Ho-Oh,250,prism_rom,Y
Bugsy,gymleader,bulbapedia,Kakuna,,unresolved,Y
Bugsy,gymleader,bulbapedia,Kricketune,,unresolved,Y
Bugsy,gymleader,bulbapedia,Lapras,,unresolved,Y
Bugsy,gymleader,bulbapedia,Metapod,11,prism_rom,Y
Bugsy,gymleader,bulbapedia,Mr. Mime,,unresolved,Y
Bugsy,gymleader,bulbapedia,Pikachu,25,prism_rom,Y
Bugsy,gymleader,bulbapedia,Pinsir,,unresolved,Y
Bugsy,gymleader,bulbapedia,Pupitar,247,prism_rom,Y
Bugsy,gymleader,bulbapedia,Quagsire,,unresolved,Y
Bugsy,gymleader,bulbapedia,Raticate,,unresolved,Y
Bugsy,gymleader,bulbapedia,Scizor,212,prism_rom,Y
Bugsy,gymleader,bulbapedia,Scyther,123,prism_rom,Y
Bugsy,gymleader,bulbapedia,Shedinja,,unresolved,Y
Bugsy,gymleader,bulbapedia,Shuckle,,unresolved,Y
Bugsy,gymleader,bulbapedia,Slowpoke,79,prism_rom,Y
Bugsy,gymleader,bulbapedia,Spinarak,167,prism_rom,Y
Bugsy,gymleader,bulbapedia,Sudowoodo,,unresolved,Y
Bugsy,gymleader,bulbapedia,Suicune,,unresolved,Y
Bugsy,gymleader,bulbapedia,Tyrogue,236,prism_rom,Y
Bugsy,gymleader,bulbapedia,Unown,,unresolved,Y
Bugsy,gymleader,bulbapedia,Vespiquen,,unresolved,Y
Bugsy,gymleader,bulbapedia,Weavile,235,prism_rom,Y
Bugsy,gymleader,bulbapedia,Weedle,,unresolved,Y
Bugsy,gymleader,bulbapedia,Weepinbell,70,prism_rom,Y
Bugsy,gymleader,bulbapedia,Yanmega,194,prism_rom,Y
Cadence,gymleader,rijon,Exploud,62,prism_rom,Y
Cadence,gymleader,rijon,Loudred,61,prism_rom,Y
Cadence,gymleader,rijon,Magnezone,83,prism_rom,Y
Cadence,gymleader,rijon,Wigglytuff,40,prism_rom,Y
Chuck,gymleader,bulbapedia,Ampharos,181,prism_rom,Y
Chuck,gymleader,bulbapedia,Arceus,,unresolved,Y
Chuck,gymleader,bulbapedia,Bayleef,153,prism_rom,Y
Chuck,gymleader,bulbapedia,Breloom,192,prism_rom,Y
Chuck,gymleader,bulbapedia,Conkeldurr,,unresolved,Y
Chuck,gymleader,bulbapedia,Granbull,,unresolved,Y
Chuck,gymleader,bulbapedia,Grapploct,,unresolved,Y
Chuck,gymleader,bulbapedia,Hitmonchan,107,prism_rom,Y
Chuck,gymleader,bulbapedia,Hitmonlee,106,prism_rom,Y
Chuck,gymleader,bulbapedia,Hitmontop,237,prism_rom,Y
Chuck,gymleader,bulbapedia,Hypno,,unresolved,Y
Chuck,gymleader,bulbapedia,Machamp,68,prism_rom,Y
Chuck,gymleader,bulbapedia,Machoke,67,prism_rom,Y
Chuck,gymleader,bulbapedia,Medicham,,unresolved,Y
Chuck,gymleader,bulbapedia,Poliwrath,,unresolved,Y
Chuck,gymleader,bulbapedia,Primeape,,unresolved,Y
Chuck,gymleader,bulbapedia,Rhydon,112,prism_rom,Y
Chuck,gymleader,bulbapedia,Rhyperior,206,prism_rom,Y
Chuck,gymleader,bulbapedia,Sandslash,,unresolved,Y
Chuck,gymleader,bulbapedia,Scyther,123,prism_rom,Y
Chuck,gymleader,bulbapedia,Suicune,,unresolved,Y
Chuck,gymleader,bulbapedia,Tyrogue,236,prism_rom,Y
Chuck,gymleader,bulbapedia,Ursaring,217,prism_rom,Y
Chuck,gymleader,bulbapedia,Weavile,235,prism_rom,Y
Clair,gymleader,bulbapedia,Aerodactyl,,unresolved,Y
Clair,gymleader,bulbapedia,Altaria,203,prism_rom,Y
Clair,gymleader,bulbapedia,Ampharos,181,prism_rom,Y
Clair,gymleader,bulbapedia,Arcanine,59,prism_rom,Y
Clair,gymleader,bulbapedia,Charizard,6,prism_rom,Y
Clair,gymleader,bulbapedia,Clefairy,,unresolved,Y
Clair,gymleader,bulbapedia,Dragonair,,unresolved,Y
Clair,gymleader,bulbapedia,Dragonite,,unresolved,Y
Clair,gymleader,bulbapedia,Drampa,,unresolved,Y
Clair,gymleader,bulbapedia,Dratini,,unresolved,Y
Clair,gymleader,bulbapedia,Druddigon,,unresolved,Y
Clair,gymleader,bulbapedia,Entei,,unresolved,Y
Clair,gymleader,bulbapedia,Garchomp,224,prism_rom,Y
Clair,gymleader,bulbapedia,Gible,222,prism_rom,Y
Clair,gymleader,bulbapedia,Gyarados,130,prism_rom,Y
Clair,gymleader,bulbapedia,Kingdra,,unresolved,Y
Clair,gymleader,bulbapedia,Koffing,109,prism_rom,Y
Clair,gymleader,bulbapedia,Lapras,,unresolved,Y
Clair,gymleader,bulbapedia,Nidoking,,unresolved,Y
Clair,gymleader,bulbapedia,Pikachu,25,prism_rom,Y
Clair,gymleader,bulbapedia,Rhydon,112,prism_rom,Y
Clair,gymleader,bulbapedia,Salamence,227,prism_rom,Y
Clair,gymleader,bulbapedia,Seadra,,unresolved,Y
Clair,gymleader,bulbapedia,Snorlax,143,prism_rom,Y
Clair,gymleader,bulbapedia,Suicune,,unresolved,Y
Clair,gymleader,bulbapedia,Tyrogue,236,prism_rom,Y
Daichi,elite4,rijon,Donphan,232,prism_rom,Y
Daichi,elite4,rijon,Flygon,99,prism_rom,Y
Daichi,elite4,rijon,Rhydon,112,prism_rom,Y
Daichi,elite4,rijon,Rhyperior,206,prism_rom,Y
Daichi,elite4,rijon,Steelix,208,prism_rom,Y
Edison,gymleader,rijon,Houndoom,229,prism_rom,Y
Edison,gymleader,rijon,Houndour,228,prism_rom,Y
Edison,gymleader,rijon,Sneasel,215,prism_rom,Y
Edison,gymleader,rijon,Umbreon,197,prism_rom,Y
Edison,gymleader,rijon,Weavile,235,prism_rom,Y
Erika,gymleader,bulbapedia,Abomasnow,,unresolved,Y
Erika,gymleader,bulbapedia,Bellossom,,unresolved,Y
Erika,gymleader,bulbapedia,Bellsprout,69,prism_rom,Y
Erika,gymleader,bulbapedia,Blissey,242,prism_rom,Y
Erika,gymleader,bulbapedia,Bulbasaur,1,prism_rom,Y
Erika,gymleader,bulbapedia,Chansey,113,prism_rom,Y
Erika,gymleader,bulbapedia,Charmander,4,prism_rom,Y
Erika,gymleader,bulbapedia,Charmeleon,5,prism_rom,Y
Erika,gymleader,bulbapedia,Clefable,,unresolved,Y
Erika,gymleader,bulbapedia,Clefairy,,unresolved,Y
Erika,gymleader,bulbapedia,Cloyster,,unresolved,Y
Erika,gymleader,bulbapedia,Comfey,,unresolved,Y
Erika,gymleader,bulbapedia,Cradily,140,prism_rom,Y
Erika,gymleader,bulbapedia,Dewgong,,unresolved,Y
Erika,gymleader,bulbapedia,Drowzee,,unresolved,Y
Erika,gymleader,bulbapedia,Eevee,133,prism_rom,Y
Erika,gymleader,bulbapedia,Exeggcute,102,prism_rom,Y
Erika,gymleader,bulbapedia,Exeggutor,103,prism_rom,Y
Erika,gymleader,bulbapedia,Gloom,,unresolved,Y
Erika,gymleader,bulbapedia,Grimer,,unresolved,Y
Erika,gymleader,bulbapedia,Jumpluff,,unresolved,Y
Erika,gymleader,bulbapedia,Leafeon,195,prism_rom,Y
Erika,gymleader,bulbapedia,Lilligant,,unresolved,Y
Erika,gymleader,bulbapedia,Lurantis,,unresolved,Y
Erika,gymleader,bulbapedia,Mantine,,unresolved,Y
Erika,gymleader,bulbapedia,Marowak,,unresolved,Y
Erika,gymleader,bulbapedia,Ninetales,38,prism_rom,Y
Erika,gymleader,bulbapedia,Oddish,,unresolved,Y
Erika,gymleader,bulbapedia,Paras,46,prism_rom,Y
Erika,gymleader,bulbapedia,Parasect,47,prism_rom,Y
Erika,gymleader,bulbapedia,Pikachu,25,prism_rom,Y
Erika,gymleader,bulbapedia,Pinsir,,unresolved,Y
Erika,gymleader,bulbapedia,Porygon,137,prism_rom,Y
Erika,gymleader,bulbapedia,Roserade,,unresolved,Y
Erika,gymleader,bulbapedia,Shellder,,unresolved,Y
Erika,gymleader,bulbapedia,Shiftry,,unresolved,Y
Erika,gymleader,bulbapedia,Skiploom,,unresolved,Y
Erika,gymleader,bulbapedia,Swinub,220,prism_rom,Y
Erika,gymleader,bulbapedia,Tangela,114,prism_rom,Y
Erika,gymleader,bulbapedia,Tangrowth,116,prism_rom,Y
Erika,gymleader,bulbapedia,Vaporeon,134,prism_rom,Y
Erika,gymleader,bulbapedia,Venusaur,3,prism_rom,Y
Erika,gymleader,bulbapedia,Victreebel,71,prism_rom,Y
Erika,gymleader,bulbapedia,Vileplume,,unresolved,Y
Erika,gymleader,bulbapedia,Weepinbell,70,prism_rom,Y
Erika,gymleader,bulbapedia,Whimsicott,,unresolved,Y
Ernest,gymleader,rijon,Camerupt,186,prism_rom,Y
Ernest,gymleader,rijon,Charizard,6,prism_rom,Y
Ernest,gymleader,rijon,Magmortar,128,prism_rom,Y
Ernest,gymleader,rijon,Rapidash,78,prism_rom,Y
Ernest,gymleader,rijon,Typhlosion,157,prism_rom,Y
Ethan,protagonist,bulbapedia,Arbok,,unresolved,Y
Ethan,protagonist,bulbapedia,Cyndaquil,155,prism_rom,Y
Ethan,protagonist,bulbapedia,Donphan,232,prism_rom,Y
Ethan,protagonist,bulbapedia,Ho-Oh,250,prism_rom,Y
Ethan,protagonist,bulbapedia,Jolteon,135,prism_rom,Y
Ethan,protagonist,bulbapedia,Lugia,249,prism_rom,Y
Ethan,protagonist,bulbapedia,Magnemite,81,prism_rom,Y
Ethan,protagonist,bulbapedia,Magneton,82,prism_rom,Y
Ethan,protagonist,bulbapedia,Marill,183,prism_rom,Y
Ethan,protagonist,bulbapedia,Pikachu,25,prism_rom,Y
Ethan,protagonist,bulbapedia,Quilava,156,prism_rom,Y
Ethan,protagonist,bulbapedia,Raikou,,unresolved,Y
Ethan,protagonist,bulbapedia,Rattata,,unresolved,Y
Ethan,protagonist,bulbapedia,Tauros,,unresolved,Y
Ethan,protagonist,bulbapedia,Typhlosion,157,prism_rom,Y
Falkner,gymleader,bulbapedia,Aerodactyl,,unresolved,Y
Falkner,gymleader,bulbapedia,Arceus,,unresolved,Y
Falkner,gymleader,bulbapedia,Ariados,168,prism_rom,Y
Falkner,gymleader,bulbapedia,Articuno,144,prism_rom,Y
Falkner,gymleader,bulbapedia,Charizard,6,prism_rom,Y
Falkner,gymleader,bulbapedia,Chikorita,152,prism_rom,Y
Falkner,gymleader,bulbapedia,Clefairy,,unresolved,Y
Falkner,gymleader,bulbapedia,Crobat,169,prism_rom,Y
Falkner,gymleader,bulbapedia,Cyndaquil,155,prism_rom,Y
Falkner,gymleader,bulbapedia,Delibird,,unresolved,Y
Falkner,gymleader,bulbapedia,Dodrio,,unresolved,Y
Falkner,gymleader,bulbapedia,Entei,,unresolved,Y
Falkner,gymleader,bulbapedia,Farfetch'd,,unresolved,Y
Falkner,gymleader,bulbapedia,Fearow,22,prism_rom,Y
Falkner,gymleader,bulbapedia,Gligar,207,prism_rom,Y
Falkner,gymleader,bulbapedia,Grimer,,unresolved,Y
Falkner,gymleader,bulbapedia,Honchkrow,,unresolved,Y
Falkner,gymleader,bulbapedia,Hoothoot,,unresolved,Y
Falkner,gymleader,bulbapedia,Lugia,249,prism_rom,Y
Falkner,gymleader,bulbapedia,Mareep,179,prism_rom,Y
Falkner,gymleader,bulbapedia,Natu,177,prism_rom,Y
Falkner,gymleader,bulbapedia,Noctowl,,unresolved,Y
Falkner,gymleader,bulbapedia,Pelipper,,unresolved,Y
Falkner,gymleader,bulbapedia,Pidgeot,18,prism_rom,Y
Falkner,gymleader,bulbapedia,Pidgeotto,17,prism_rom,Y
Falkner,gymleader,bulbapedia,Pidgey,16,prism_rom,Y
Falkner,gymleader,bulbapedia,Pikachu,25,prism_rom,Y
Falkner,gymleader,bulbapedia,Raikou,,unresolved,Y
Falkner,gymleader,bulbapedia,Skarmory,,unresolved,Y
Falkner,gymleader,bulbapedia,Staraptor,,unresolved,Y
Falkner,gymleader,bulbapedia,Suicune,,unresolved,Y
Falkner,gymleader,bulbapedia,Sunkern,,unresolved,Y
Falkner,gymleader,bulbapedia,Swellow,20,prism_rom,Y
Falkner,gymleader,bulbapedia,Togetic,176,prism_rom,Y
Falkner,gymleader,bulbapedia,Totodile,158,prism_rom,Y
Falkner,gymleader,bulbapedia,Xatu,178,prism_rom,Y
Falkner,gymleader,bulbapedia,Zapdos,145,prism_rom,Y
Gary,anime,bulbapedia,Aerodactyl,,unresolved,Y
Gary,anime,bulbapedia,Alakazam,65,prism_rom,Y
Gary,anime,bulbapedia,Arcanine,59,prism_rom,Y
Gary,anime,bulbapedia,Articuno,144,prism_rom,Y
Gary,anime,bulbapedia,Beedrill,,unresolved,Y
Gary,anime,bulbapedia,Blastoise,9,prism_rom,Y
Gary,anime,bulbapedia,Bulbasaur,1,prism_rom,Y
Gary,anime,bulbapedia,Charizard,6,prism_rom,Y
Gary,anime,bulbapedia,Charmander,4,prism_rom,Y
Gary,anime,bulbapedia,Dialga,,unresolved,Y
Gary,anime,bulbapedia,Diglett,,unresolved,Y
Gary,anime,bulbapedia,Dodrio,,unresolved,Y
Gary,anime,bulbapedia,Doduo,,unresolved,Y
Gary,anime,bulbapedia,Eevee,133,prism_rom,Y
Gary,anime,bulbapedia,Electivire,127,prism_rom,Y
Gary,anime,bulbapedia,Golem,76,prism_rom,Y
Gary,anime,bulbapedia,Gyarados,130,prism_rom,Y
Gary,anime,bulbapedia,Hatterene,,unresolved,Y
Gary,anime,bulbapedia,Heracross,,unresolved,Y
Gary,anime,bulbapedia,Hoothoot,,unresolved,Y
Gary,anime,bulbapedia,Kingler,,unresolved,Y
Gary,anime,bulbapedia,Krabby,,unresolved,Y
Gary,anime,bulbapedia,Magmar,126,prism_rom,Y
Gary,anime,bulbapedia,Metapod,11,prism_rom,Y
Gary,anime,bulbapedia,Moltres,146,prism_rom,Y
Gary,anime,bulbapedia,Nidoking,,unresolved,Y
Gary,anime,bulbapedia,Nidoqueen,,unresolved,Y
Gary,anime,bulbapedia,Onix,95,prism_rom,Y
Gary,anime,bulbapedia,Palkia,,unresolved,Y
Gary,anime,bulbapedia,Pidgeot,18,prism_rom,Y
Gary,anime,bulbapedia,Pikachu,25,prism_rom,Y
Gary,anime,bulbapedia,Rapidash,78,prism_rom,Y
Gary,anime,bulbapedia,Regidrago,,unresolved,Y
Gary,anime,bulbapedia,Regieleki,,unresolved,Y
Gary,anime,bulbapedia,Rhydon,112,prism_rom,Y
Gary,anime,bulbapedia,Scizor,212,prism_rom,Y
Gary,anime,bulbapedia,Shieldon,56,prism_rom,Y
Gary,anime,bulbapedia,Slowbro,80,prism_rom,Y
Gary,anime,bulbapedia,Slowpoke,79,prism_rom,Y
Gary,anime,bulbapedia,Snorlax,143,prism_rom,Y
Gary,anime,bulbapedia,Squirtle,7,prism_rom,Y
Gary,anime,bulbapedia,Tauros,,unresolved,Y
Gary,anime,bulbapedia,Tyranitar,248,prism_rom,Y
Gary,anime,bulbapedia,Umbreon,197,prism_rom,Y
Gary,anime,bulbapedia,Venusaur,3,prism_rom,Y
Gary,anime,bulbapedia,Vulpix,37,prism_rom,Y
Gary,anime,bulbapedia,Wobbuffet,,unresolved,Y
Giovanni,villain,bulbapedia,Amoonguss,,unresolved,Y
Giovanni,villain,bulbapedia,Arcanine,59,prism_rom,Y
Giovanni,villain,bulbapedia,Charizard,6,prism_rom,Y
Giovanni,villain,bulbapedia,Charmander,4,prism_rom,Y
Giovanni,villain,bulbapedia,Cloyster,,unresolved,Y
Giovanni,villain,bulbapedia,Diglett,,unresolved,Y
Giovanni,villain,bulbapedia,Dugtrio,,unresolved,Y
Giovanni,villain,bulbapedia,Frillish,,unresolved,Y
Giovanni,villain,bulbapedia,Garchomp,224,prism_rom,Y
Giovanni,villain,bulbapedia,Gengar,94,prism_rom,Y
Giovanni,villain,bulbapedia,Gliscor,209,prism_rom,Y
Giovanni,villain,bulbapedia,Golem,76,prism_rom,Y
Giovanni,villain,bulbapedia,Guzzlord,,unresolved,Y
Giovanni,villain,bulbapedia,Hippowdon,,unresolved,Y
Giovanni,villain,bulbapedia,Hitmonlee,106,prism_rom,Y
Giovanni,villain,bulbapedia,Honchkrow,,unresolved,Y
Giovanni,villain,bulbapedia,Inkay,,unresolved,Y
Giovanni,villain,bulbapedia,Jolteon,135,prism_rom,Y
Giovanni,villain,bulbapedia,Kabutops,,unresolved,Y
Giovanni,villain,bulbapedia,Kangaskhan,115,prism_rom,Y
Giovanni,villain,bulbapedia,Kingler,,unresolved,Y
Giovanni,villain,bulbapedia,Krookodile,,unresolved,Y
Giovanni,villain,bulbapedia,Landorus,,unresolved,Y
Giovanni,villain,bulbapedia,Lapras,,unresolved,Y
Giovanni,villain,bulbapedia,Machamp,68,prism_rom,Y
Giovanni,villain,bulbapedia,Marowak,,unresolved,Y
Giovanni,villain,bulbapedia,Meloetta,,unresolved,Y
Giovanni,villain,bulbapedia,Meowth,,unresolved,Y
Giovanni,villain,bulbapedia,Mewtwo,150,prism_rom,Y
Giovanni,villain,bulbapedia,Mimikyu,,unresolved,Y
Giovanni,villain,bulbapedia,Moltres,146,prism_rom,Y
Giovanni,villain,bulbapedia,Necrozma,,unresolved,Y
Giovanni,villain,bulbapedia,Nidoking,,unresolved,Y
Giovanni,villain,bulbapedia,Nidoqueen,,unresolved,Y
Giovanni,villain,bulbapedia,Nidorino,,unresolved,Y
Giovanni,villain,bulbapedia,Onix,95,prism_rom,Y
Giovanni,villain,bulbapedia,Persian,,unresolved,Y
Giovanni,villain,bulbapedia,Pidgeotto,17,prism_rom,Y
Giovanni,villain,bulbapedia,Pumpkaboo,,unresolved,Y
Giovanni,villain,bulbapedia,Rhydon,112,prism_rom,Y
Giovanni,villain,bulbapedia,Rhyhorn,111,prism_rom,Y
Giovanni,villain,bulbapedia,Rhyperior,206,prism_rom,Y
Giovanni,villain,bulbapedia,Sandslash,,unresolved,Y
Giovanni,villain,bulbapedia,Snorlax,143,prism_rom,Y
Giovanni,villain,bulbapedia,Squirtle,7,prism_rom,Y
Giovanni,villain,bulbapedia,Tauros,,unresolved,Y
Giovanni,villain,bulbapedia,Thundurus,,unresolved,Y
Giovanni,villain,bulbapedia,Togepi,175,prism_rom,Y
Giovanni,villain,bulbapedia,Togetic,176,prism_rom,Y
Giovanni,villain,bulbapedia,Tornadus,,unresolved,Y
Giovanni,villain,bulbapedia,Victreebel,71,prism_rom,Y
Giovanni,villain,bulbapedia,Woobat,,unresolved,Y
Giovanni,villain,bulbapedia,Yamask,,unresolved,Y
Giovanni,villain,bulbapedia,Yanma,193,prism_rom,Y
James,anime,bulbapedia,Amoonguss,,unresolved,Y
James,anime,bulbapedia,Arbok,,unresolved,Y
James,anime,bulbapedia,Cacnea,104,prism_rom,Y
James,anime,bulbapedia,Carnivine,,unresolved,Y
James,anime,bulbapedia,Carracosta,,unresolved,Y
James,anime,bulbapedia,Carvanha,,unresolved,Y
James,anime,bulbapedia,Celebi,,unresolved,Y
James,anime,bulbapedia,Charizard,6,prism_rom,Y
James,anime,bulbapedia,Chimecho,14,prism_rom,Y
James,anime,bulbapedia,Croagunk,,unresolved,Y
James,anime,bulbapedia,Ditto,132,prism_rom,Y
James,anime,bulbapedia,Drapion,53,prism_rom,Y
James,anime,bulbapedia,Druddigon,,unresolved,Y
James,anime,bulbapedia,Dustox,,unresolved,Y
James,anime,bulbapedia,Ekans,,unresolved,Y
James,anime,bulbapedia,Eternatus,,unresolved,Y
James,anime,bulbapedia,Gardevoir,165,prism_rom,Y
James,anime,bulbapedia,Gengar,94,prism_rom,Y
James,anime,bulbapedia,Golbat,42,prism_rom,Y
James,anime,bulbapedia,Gourgeist,,unresolved,Y
James,anime,bulbapedia,Granbull,,unresolved,Y
James,anime,bulbapedia,Gyarados,130,prism_rom,Y
James,anime,bulbapedia,Hippopotas,,unresolved,Y
James,anime,bulbapedia,Hippowdon,,unresolved,Y
James,anime,bulbapedia,Inkay,,unresolved,Y
James,anime,bulbapedia,Koffing,109,prism_rom,Y
James,anime,bulbapedia,Lickitung,,unresolved,Y
James,anime,bulbapedia,Lycanroc,,unresolved,Y
James,anime,bulbapedia,Magikarp,129,prism_rom,Y
James,anime,bulbapedia,Mamoswine,230,prism_rom,Y
James,anime,bulbapedia,Mareanie,,unresolved,Y
James,anime,bulbapedia,Meowth,,unresolved,Y
James,anime,bulbapedia,Mime Jr.,,unresolved,Y
James,anime,bulbapedia,Mimikyu,,unresolved,Y
James,anime,bulbapedia,Monferno,,unresolved,Y
James,anime,bulbapedia,Morpeko,,unresolved,Y
James,anime,bulbapedia,Numel,185,prism_rom,Y
James,anime,bulbapedia,Pidgeot,18,prism_rom,Y
James,anime,bulbapedia,Pidgey,16,prism_rom,Y
James,anime,bulbapedia,Pikachu,25,prism_rom,Y
James,anime,bulbapedia,Poliwag,,unresolved,Y
James,anime,bulbapedia,Raichu,26,prism_rom,Y
James,anime,bulbapedia,Raticate,,unresolved,Y
James,anime,bulbapedia,Rattata,,unresolved,Y
James,anime,bulbapedia,Skiploom,,unresolved,Y
James,anime,bulbapedia,Stufful,,unresolved,Y
James,anime,bulbapedia,Swellow,20,prism_rom,Y
James,anime,bulbapedia,Tentacruel,73,prism_rom,Y
James,anime,bulbapedia,Tirtouga,,unresolved,Y
James,anime,bulbapedia,Toxapex,,unresolved,Y
James,anime,bulbapedia,Tyranitar,248,prism_rom,Y
James,anime,bulbapedia,Victreebel,71,prism_rom,Y
James,anime,bulbapedia,Vileplume,,unresolved,Y
James,anime,bulbapedia,Weavile,235,prism_rom,Y
James,anime,bulbapedia,Weezing,110,prism_rom,Y
James,anime,bulbapedia,Wobbuffet,,unresolved,Y
James,anime,bulbapedia,Yanmega,194,prism_rom,Y
James,anime,bulbapedia,Zygarde,,unresolved,Y
Janine,gymleader,bulbapedia,Arbok,,unresolved,Y
Janine,gymleader,bulbapedia,Ariados,168,prism_rom,Y
Janine,gymleader,bulbapedia,Crobat,169,prism_rom,Y
Janine,gymleader,bulbapedia,Drapion,53,prism_rom,Y
Janine,gymleader,bulbapedia,Forretress,205,prism_rom,Y
Janine,gymleader,bulbapedia,Girafarig,,unresolved,Y
Janine,gymleader,bulbapedia,Gligar,207,prism_rom,Y
Janine,gymleader,bulbapedia,Grimer,,unresolved,Y
Janine,gymleader,bulbapedia,Meganium,154,prism_rom,Y
Janine,gymleader,bulbapedia,Muk,,unresolved,Y
Janine,gymleader,bulbapedia,Nidoqueen,,unresolved,Y
Janine,gymleader,bulbapedia,Noctowl,,unresolved,Y
Janine,gymleader,bulbapedia,Roserade,,unresolved,Y
Janine,gymleader,bulbapedia,Skarmory,,unresolved,Y
Janine,gymleader,bulbapedia,Stantler,,unresolved,Y
Janine,gymleader,bulbapedia,Suicune,,unresolved,Y
Janine,gymleader,bulbapedia,Tentacruel,73,prism_rom,Y
Janine,gymleader,bulbapedia,Toxicroak,,unresolved,Y
Janine,gymleader,bulbapedia,Vaporeon,134,prism_rom,Y
Janine,gymleader,bulbapedia,Venomoth,49,prism_rom,Y
Janine,gymleader,bulbapedia,Weezing,110,prism_rom,Y
Jasmine,gymleader,bulbapedia,Ampharos,181,prism_rom,Y
Jasmine,gymleader,bulbapedia,Blastoise,9,prism_rom,Y
Jasmine,gymleader,bulbapedia,Bronzong,51,prism_rom,Y
Jasmine,gymleader,bulbapedia,Celesteela,,unresolved,Y
Jasmine,gymleader,bulbapedia,Corsola,,unresolved,Y
Jasmine,gymleader,bulbapedia,Croconaw,159,prism_rom,Y
Jasmine,gymleader,bulbapedia,Empoleon,,unresolved,Y
Jasmine,gymleader,bulbapedia,Excadrill,,unresolved,Y
Jasmine,gymleader,bulbapedia,Ferrothorn,,unresolved,Y
Jasmine,gymleader,bulbapedia,Forretress,205,prism_rom,Y
Jasmine,gymleader,bulbapedia,Gyarados,130,prism_rom,Y
Jasmine,gymleader,bulbapedia,Infernape,,unresolved,Y
Jasmine,gymleader,bulbapedia,Klinklang,,unresolved,Y
Jasmine,gymleader,bulbapedia,Lucario,214,prism_rom,Y
Jasmine,gymleader,bulbapedia,Magnemite,81,prism_rom,Y
Jasmine,gymleader,bulbapedia,Magneton,82,prism_rom,Y
Jasmine,gymleader,bulbapedia,Magnezone,83,prism_rom,Y
Jasmine,gymleader,bulbapedia,Mantine,,unresolved,Y
Jasmine,gymleader,bulbapedia,Mawile,117,prism_rom,Y
Jasmine,gymleader,bulbapedia,Metagross,149,prism_rom,Y
Jasmine,gymleader,bulbapedia,Onix,95,prism_rom,Y
Jasmine,gymleader,bulbapedia,Pikachu,25,prism_rom,Y
Jasmine,gymleader,bulbapedia,Rapidash,78,prism_rom,Y
Jasmine,gymleader,bulbapedia,Scizor,212,prism_rom,Y
Jasmine,gymleader,bulbapedia,Skarmory,,unresolved,Y
Jasmine,gymleader,bulbapedia,Slowbro,80,prism_rom,Y
Jasmine,gymleader,bulbapedia,Stantler,,unresolved,Y
Jasmine,gymleader,bulbapedia,Steelix,208,prism_rom,Y
Jasmine,gymleader,bulbapedia,Togepi,175,prism_rom,Y
Jasmine,gymleader,bulbapedia,Togetic,176,prism_rom,Y
Jasmine,gymleader,bulbapedia,Wartortle,8,prism_rom,Y
Jasmine,gymleader,bulbapedia,Weezing,110,prism_rom,Y
Jasmine,gymleader,bulbapedia,Wobbuffet,,unresolved,Y
Jessie,anime,bulbapedia,Aipom,,unresolved,Y
Jessie,anime,bulbapedia,Ambipom,,unresolved,Y
Jessie,anime,bulbapedia,Arbok,,unresolved,Y
Jessie,anime,bulbapedia,Blissey,242,prism_rom,Y
Jessie,anime,bulbapedia,Buneary,23,prism_rom,Y
Jessie,anime,bulbapedia,Cacnea,104,prism_rom,Y
Jessie,anime,bulbapedia,Carracosta,,unresolved,Y
Jessie,anime,bulbapedia,Celebi,,unresolved,Y
Jessie,anime,bulbapedia,Chansey,113,prism_rom,Y
Jessie,anime,bulbapedia,Charizard,6,prism_rom,Y
Jessie,anime,bulbapedia,Cyndaquil,155,prism_rom,Y
Jessie,anime,bulbapedia,Ditto,132,prism_rom,Y
Jessie,anime,bulbapedia,Drapion,53,prism_rom,Y
Jessie,anime,bulbapedia,Druddigon,,unresolved,Y
Jessie,anime,bulbapedia,Dustox,,unresolved,Y
Jessie,anime,bulbapedia,Ekans,,unresolved,Y
Jessie,anime,bulbapedia,Eternatus,,unresolved,Y
Jessie,anime,bulbapedia,Frillish,,unresolved,Y
Jessie,anime,bulbapedia,Gardevoir,165,prism_rom,Y
Jessie,anime,bulbapedia,Gengar,94,prism_rom,Y
Jessie,anime,bulbapedia,Glameow,,unresolved,Y
Jessie,anime,bulbapedia,Gloom,,unresolved,Y
Jessie,anime,bulbapedia,Golbat,42,prism_rom,Y
Jessie,anime,bulbapedia,Gourgeist,,unresolved,Y
Jessie,anime,bulbapedia,Granbull,,unresolved,Y
Jessie,anime,bulbapedia,Gyarados,130,prism_rom,Y
Jessie,anime,bulbapedia,Happiny,,unresolved,Y
Jessie,anime,bulbapedia,Hippowdon,,unresolved,Y
Jessie,anime,bulbapedia,Hitmonlee,106,prism_rom,Y
Jessie,anime,bulbapedia,Inkay,,unresolved,Y
Jessie,anime,bulbapedia,Jigglypuff,39,prism_rom,Y
Jessie,anime,bulbapedia,Koffing,109,prism_rom,Y
Jessie,anime,bulbapedia,Lickitung,,unresolved,Y
Jessie,anime,bulbapedia,Magikarp,129,prism_rom,Y
Jessie,anime,bulbapedia,Mareanie,,unresolved,Y
Jessie,anime,bulbapedia,Mawile,117,prism_rom,Y
Jessie,anime,bulbapedia,Meowth,,unresolved,Y
Jessie,anime,bulbapedia,Mew,151,prism_rom,Y
Jessie,anime,bulbapedia,Milotic,211,prism_rom,Y
Jessie,anime,bulbapedia,Mime Jr.,,unresolved,Y
Jessie,anime,bulbapedia,Mimikyu,,unresolved,Y
Jessie,anime,bulbapedia,Mismagius,201,prism_rom,Y
Jessie,anime,bulbapedia,Munchlax,,unresolved,Y
Jessie,anime,bulbapedia,Murkrow,,unresolved,Y
Jessie,anime,bulbapedia,Pachirisu,,unresolved,Y
Jessie,anime,bulbapedia,Pidgeot,18,prism_rom,Y
Jessie,anime,bulbapedia,Pikachu,25,prism_rom,Y
Jessie,anime,bulbapedia,Prinplup,,unresolved,Y
Jessie,anime,bulbapedia,Pumpkaboo,,unresolved,Y
Jessie,anime,bulbapedia,Raichu,26,prism_rom,Y
Jessie,anime,bulbapedia,Raticate,,unresolved,Y
Jessie,anime,bulbapedia,Rattata,,unresolved,Y
Jessie,anime,bulbapedia,Seviper,,unresolved,Y
Jessie,anime,bulbapedia,Smoochum,,unresolved,Y
Jessie,anime,bulbapedia,Starmie,,unresolved,Y
Jessie,anime,bulbapedia,Stufful,,unresolved,Y
Jessie,anime,bulbapedia,Tirtouga,,unresolved,Y
Jessie,anime,bulbapedia,Togekiss,182,prism_rom,Y
Jessie,anime,bulbapedia,Tyranitar,248,prism_rom,Y
Jessie,anime,bulbapedia,Weavile,235,prism_rom,Y
Jessie,anime,bulbapedia,Weezing,110,prism_rom,Y
Jessie,anime,bulbapedia,Wobbuffet,,unresolved,Y
Jessie,anime,bulbapedia,Woobat,,unresolved,Y
Jessie,anime,bulbapedia,Yanmega,194,prism_rom,Y
Jessie,anime,bulbapedia,Zygarde,,unresolved,Y
Josiah,gymleader,rijon,Charizard,6,prism_rom,Y
Josiah,gymleader,rijon,Charmander,4,prism_rom,Y
Josiah,gymleader,rijon,Magcargo,219,prism_rom,Y
Josiah,gymleader,rijon,Slugma,218,prism_rom,Y
Karen,elite4,bulbapedia,Absol,131,prism_rom,Y
Karen,elite4,bulbapedia,Articuno,144,prism_rom,Y
Karen,elite4,bulbapedia,Celebi,,unresolved,Y
Karen,elite4,bulbapedia,Clefairy,,unresolved,Y
Karen,elite4,bulbapedia,Eevee,133,prism_rom,Y
Karen,elite4,bulbapedia,Electrode,,unresolved,Y
Karen,elite4,bulbapedia,Gengar,94,prism_rom,Y
Karen,elite4,bulbapedia,Ho-Oh,250,prism_rom,Y
Karen,elite4,bulbapedia,Honchkrow,,unresolved,Y
Karen,elite4,bulbapedia,Houndoom,229,prism_rom,Y
Karen,elite4,bulbapedia,Lugia,249,prism_rom,Y
Karen,elite4,bulbapedia,Magmar,126,prism_rom,Y
Karen,elite4,bulbapedia,Misdreavus,200,prism_rom,Y
Karen,elite4,bulbapedia,Moltres,146,prism_rom,Y
Karen,elite4,bulbapedia,Murkrow,,unresolved,Y
Karen,elite4,bulbapedia,Persian,,unresolved,Y
Karen,elite4,bulbapedia,Slowbro,80,prism_rom,Y
Karen,elite4,bulbapedia,Slurpuff,,unresolved,Y
Karen,elite4,bulbapedia,Snubbull,,unresolved,Y
Karen,elite4,bulbapedia,Spiritomb,87,prism_rom,Y
Karen,elite4,bulbapedia,Totodile,158,prism_rom,Y
Karen,elite4,bulbapedia,Umbreon,197,prism_rom,Y
Karen,elite4,bulbapedia,Victreebel,71,prism_rom,Y
Karen,elite4,bulbapedia,Vileplume,,unresolved,Y
Karen,elite4,bulbapedia,Weavile,235,prism_rom,Y
Karen,elite4,bulbapedia,Zapdos,145,prism_rom,Y
Karpman,gymleader,rijon,Lanturn,171,prism_rom,Y
Karpman,gymleader,rijon,Seaking,119,prism_rom,Y
Karpman,gymleader,rijon,Slowbro,80,prism_rom,Y
Karpman,gymleader,rijon,Tentacruel,73,prism_rom,Y
Karpman,gymleader,rijon,Vaporeon,134,prism_rom,Y
Koga,elite4,bulbapedia,Arbok,,unresolved,Y
Koga,elite4,bulbapedia,Ariados,168,prism_rom,Y
Koga,elite4,bulbapedia,Articuno,144,prism_rom,Y
Koga,elite4,bulbapedia,Chansey,113,prism_rom,Y
Koga,elite4,bulbapedia,Charizard,6,prism_rom,Y
Koga,elite4,bulbapedia,Charmander,4,prism_rom,Y
Koga,elite4,bulbapedia,Charmeleon,5,prism_rom,Y
Koga,elite4,bulbapedia,Clefairy,,unresolved,Y
Koga,elite4,bulbapedia,Crobat,169,prism_rom,Y
Koga,elite4,bulbapedia,Ditto,132,prism_rom,Y
Koga,elite4,bulbapedia,Dragonite,,unresolved,Y
Koga,elite4,bulbapedia,Ekans,,unresolved,Y
Koga,elite4,bulbapedia,Electrode,,unresolved,Y
Koga,elite4,bulbapedia,Forretress,205,prism_rom,Y
Koga,elite4,bulbapedia,Gastly,92,prism_rom,Y
Koga,elite4,bulbapedia,Gengar,94,prism_rom,Y
Koga,elite4,bulbapedia,Gligar,207,prism_rom,Y
Koga,elite4,bulbapedia,Golbat,42,prism_rom,Y
Koga,elite4,bulbapedia,Grimer,,unresolved,Y
Koga,elite4,bulbapedia,Hypno,,unresolved,Y
Koga,elite4,bulbapedia,Koffing,109,prism_rom,Y
Koga,elite4,bulbapedia,Lanturn,171,prism_rom,Y
Koga,elite4,bulbapedia,Lapras,,unresolved,Y
Koga,elite4,bulbapedia,Magmar,126,prism_rom,Y
Koga,elite4,bulbapedia,Marowak,,unresolved,Y
Koga,elite4,bulbapedia,Moltres,146,prism_rom,Y
Koga,elite4,bulbapedia,Muk,,unresolved,Y
Koga,elite4,bulbapedia,Nidorina,,unresolved,Y
Koga,elite4,bulbapedia,Nidorino,,unresolved,Y
Koga,elite4,bulbapedia,Ninetales,38,prism_rom,Y
Koga,elite4,bulbapedia,Parasect,47,prism_rom,Y
Koga,elite4,bulbapedia,Pidgeotto,17,prism_rom,Y
Koga,elite4,bulbapedia,Pikachu,25,prism_rom,Y
Koga,elite4,bulbapedia,Psyduck,,unresolved,Y
Koga,elite4,bulbapedia,Rhydon,112,prism_rom,Y
Koga,elite4,bulbapedia,Rhyhorn,111,prism_rom,Y
Koga,elite4,bulbapedia,Scizor,212,prism_rom,Y
Koga,elite4,bulbapedia,Scyther,123,prism_rom,Y
Koga,elite4,bulbapedia,Skuntank,,unresolved,Y
Koga,elite4,bulbapedia,Stantler,,unresolved,Y
Koga,elite4,bulbapedia,Swalot,,unresolved,Y
Koga,elite4,bulbapedia,Tangela,114,prism_rom,Y
Koga,elite4,bulbapedia,Tentacruel,73,prism_rom,Y
Koga,elite4,bulbapedia,Toxicroak,,unresolved,Y
Koga,elite4,bulbapedia,Venomoth,49,prism_rom,Y
Koga,elite4,bulbapedia,Venonat,48,prism_rom,Y
Koga,elite4,bulbapedia,Voltorb,,unresolved,Y
Koga,elite4,bulbapedia,Weezing,110,prism_rom,Y
Koga,elite4,bulbapedia,Zapdos,145,prism_rom,Y
Kris,protagonist,bulbapedia,Ampharos,181,prism_rom,Y
Kris,protagonist,bulbapedia,Chikorita,152,prism_rom,Y
Kris,protagonist,bulbapedia,Croconaw,159,prism_rom,Y
Kris,protagonist,bulbapedia,Cyndaquil,155,prism_rom,Y
Kris,protagonist,bulbapedia,Electrode,,unresolved,Y
Kris,protagonist,bulbapedia,Entei,,unresolved,Y
Kris,protagonist,bulbapedia,Farfetch'd,,unresolved,Y
Kris,protagonist,bulbapedia,Feraligatr,160,prism_rom,Y
Kris,protagonist,bulbapedia,Ho-Oh,250,prism_rom,Y
Kris,protagonist,bulbapedia,Igglybuff,174,prism_rom,Y
Kris,protagonist,bulbapedia,Jolteon,135,prism_rom,Y
Kris,protagonist,bulbapedia,Magikarp,129,prism_rom,Y
Kris,protagonist,bulbapedia,Raikou,,unresolved,Y
Kris,protagonist,bulbapedia,Slowpoke,79,prism_rom,Y
Kris,protagonist,bulbapedia,Snorlax,143,prism_rom,Y
Kris,protagonist,bulbapedia,Sudowoodo,,unresolved,Y
Kris,protagonist,bulbapedia,Suicune,,unresolved,Y
Kris,protagonist,bulbapedia,Totodile,158,prism_rom,Y
Lance,champion,bulbapedia,Aerodactyl,,unresolved,Y
Lance,champion,bulbapedia,Altaria,203,prism_rom,Y
Lance,champion,bulbapedia,Arcanine,59,prism_rom,Y
Lance,champion,bulbapedia,Arceus,,unresolved,Y
Lance,champion,bulbapedia,Blastoise,9,prism_rom,Y
Lance,champion,bulbapedia,Charizard,6,prism_rom,Y
Lance,champion,bulbapedia,Clefairy,,unresolved,Y
Lance,champion,bulbapedia,Dragonair,,unresolved,Y
Lance,champion,bulbapedia,Dragonite,,unresolved,Y
Lance,champion,bulbapedia,Dratini,,unresolved,Y
Lance,champion,bulbapedia,Electabuzz,125,prism_rom,Y
Lance,champion,bulbapedia,Entei,,unresolved,Y
Lance,champion,bulbapedia,Exeggutor,103,prism_rom,Y
Lance,champion,bulbapedia,Fearow,22,prism_rom,Y
Lance,champion,bulbapedia,Feraligatr,160,prism_rom,Y
Lance,champion,bulbapedia,Flygon,99,prism_rom,Y
Lance,champion,bulbapedia,Garchomp,224,prism_rom,Y
Lance,champion,bulbapedia,Gardevoir,165,prism_rom,Y
Lance,champion,bulbapedia,Gourgeist,,unresolved,Y
Lance,champion,bulbapedia,Groudon,243,prism_rom,Y
Lance,champion,bulbapedia,Gyarados,130,prism_rom,Y
Lance,champion,bulbapedia,Haxorus,,unresolved,Y
Lance,champion,bulbapedia,Horsea,,unresolved,Y
Lance,champion,bulbapedia,Hydreigon,,unresolved,Y
Lance,champion,bulbapedia,Kangaskhan,115,prism_rom,Y
Lance,champion,bulbapedia,Kingdra,,unresolved,Y
Lance,champion,bulbapedia,Lapras,,unresolved,Y
Lance,champion,bulbapedia,Lugia,249,prism_rom,Y
Lance,champion,bulbapedia,Magikarp,129,prism_rom,Y
Lance,champion,bulbapedia,Pupitar,247,prism_rom,Y
Lance,champion,bulbapedia,Raikou,,unresolved,Y
Lance,champion,bulbapedia,Rhyhorn,111,prism_rom,Y
Lance,champion,bulbapedia,Salamence,227,prism_rom,Y
Lance,champion,bulbapedia,Seadra,,unresolved,Y
Lance,champion,bulbapedia,Sneasel,215,prism_rom,Y
Lance,champion,bulbapedia,Snorlax,143,prism_rom,Y
Lance,champion,bulbapedia,Steelix,208,prism_rom,Y
Lance,champion,bulbapedia,Suicune,,unresolved,Y
Lance,champion,bulbapedia,Tyranitar,248,prism_rom,Y
Leaf,protagonist,bulbapedia,Blastoise,9,prism_rom,Y
Leaf,protagonist,bulbapedia,Charizard,6,prism_rom,Y
Leaf,protagonist,bulbapedia,Clefable,,unresolved,Y
Leaf,protagonist,bulbapedia,Eevee,133,prism_rom,Y
Leaf,protagonist,bulbapedia,Groudon,243,prism_rom,Y
Leaf,protagonist,bulbapedia,Ivysaur,2,prism_rom,Y
Leaf,protagonist,bulbapedia,Moltres,146,prism_rom,Y
Leaf,protagonist,bulbapedia,Pikachu,25,prism_rom,Y
Leaf,protagonist,bulbapedia,Squirtle,7,prism_rom,Y
Leaf,protagonist,bulbapedia,Venusaur,3,prism_rom,Y
Lily,gymleader,rijon,Froslass,34,prism_rom,Y
Lily,gymleader,rijon,Glaceon,198,prism_rom,Y
Lily,gymleader,rijon,Glalie,33,prism_rom,Y
Lily,gymleader,rijon,Lunatone,96,prism_rom,Y
Lily,gymleader,rijon,Weavile,235,prism_rom,Y
Lorelei,elite4,bulbapedia,Alakazam,65,prism_rom,Y
Lorelei,elite4,bulbapedia,Articuno,144,prism_rom,Y
Lorelei,elite4,bulbapedia,Charizard,6,prism_rom,Y
Lorelei,elite4,bulbapedia,Cloyster,,unresolved,Y
Lorelei,elite4,bulbapedia,Dewgong,,unresolved,Y
Lorelei,elite4,bulbapedia,Exeggutor,103,prism_rom,Y
Lorelei,elite4,bulbapedia,Gastly,92,prism_rom,Y
Lorelei,elite4,bulbapedia,Jolteon,135,prism_rom,Y
Lorelei,elite4,bulbapedia,Jynx,,unresolved,Y
Lorelei,elite4,bulbapedia,Kadabra,64,prism_rom,Y
Lorelei,elite4,bulbapedia,Lapras,,unresolved,Y
Lorelei,elite4,bulbapedia,Machamp,68,prism_rom,Y
Lorelei,elite4,bulbapedia,Marowak,,unresolved,Y
Lorelei,elite4,bulbapedia,Omastar,,unresolved,Y
Lorelei,elite4,bulbapedia,Pikachu,25,prism_rom,Y
Lorelei,elite4,bulbapedia,Piloswine,221,prism_rom,Y
Lorelei,elite4,bulbapedia,Sandslash,,unresolved,Y
Lorelei,elite4,bulbapedia,Seel,,unresolved,Y
Lorelei,elite4,bulbapedia,Shellder,,unresolved,Y
Lorelei,elite4,bulbapedia,Slowbro,80,prism_rom,Y
Lorelei,elite4,bulbapedia,Slowpoke,79,prism_rom,Y
Lorelei,elite4,bulbapedia,Starmie,,unresolved,Y
Lorelei,elite4,bulbapedia,Togepi,175,prism_rom,Y
Lorelei,elite4,bulbapedia,Unown,,unresolved,Y
Lorelei,elite4,bulbapedia,Wigglytuff,40,prism_rom,Y
Lt. Surge,gymleader,bulbapedia,Ampharos,181,prism_rom,Y
Lt. Surge,gymleader,bulbapedia,Charmeleon,5,prism_rom,Y
Lt. Surge,gymleader,bulbapedia,Clefairy,,unresolved,Y
Lt. Surge,gymleader,bulbapedia,Dodrio,,unresolved,Y
Lt. Surge,gymleader,bulbapedia,Electabuzz,125,prism_rom,Y
Lt. Surge,gymleader,bulbapedia,Electivire,127,prism_rom,Y
Lt. Surge,gymleader,bulbapedia,Electrode,,unresolved,Y
Lt. Surge,gymleader,bulbapedia,Exeggcute,102,prism_rom,Y
Lt. Surge,gymleader,bulbapedia,Gastly,92,prism_rom,Y
Lt. Surge,gymleader,bulbapedia,Gyarados,130,prism_rom,Y
Lt. Surge,gymleader,bulbapedia,Horsea,,unresolved,Y
Lt. Surge,gymleader,bulbapedia,Houndour,228,prism_rom,Y
Lt. Surge,gymleader,bulbapedia,Jolteon,135,prism_rom,Y
Lt. Surge,gymleader,bulbapedia,Kadabra,64,prism_rom,Y
Lt. Surge,gymleader,bulbapedia,Kingler,,unresolved,Y
Lt. Surge,gymleader,bulbapedia,Lanturn,171,prism_rom,Y
Lt. Surge,gymleader,bulbapedia,Lickitung,,unresolved,Y
Lt. Surge,gymleader,bulbapedia,Magnemite,81,prism_rom,Y
Lt. Surge,gymleader,bulbapedia,Magneton,82,prism_rom,Y
Lt. Surge,gymleader,bulbapedia,Magnezone,83,prism_rom,Y
Lt. Surge,gymleader,bulbapedia,Manectric,31,prism_rom,Y
Lt. Surge,gymleader,bulbapedia,Misdreavus,200,prism_rom,Y
Lt. Surge,gymleader,bulbapedia,Onix,95,prism_rom,Y
Lt. Surge,gymleader,bulbapedia,Pachirisu,,unresolved,Y
Lt. Surge,gymleader,bulbapedia,Pikachu,25,prism_rom,Y
Lt. Surge,gymleader,bulbapedia,Poliwhirl,,unresolved,Y
Lt. Surge,gymleader,bulbapedia,Poliwrath,,unresolved,Y
Lt. Surge,gymleader,bulbapedia,Porygon,137,prism_rom,Y
Lt. Surge,gymleader,bulbapedia,Porygon2,233,prism_rom,Y
Lt. Surge,gymleader,bulbapedia,Quagsire,,unresolved,Y
Lt. Surge,gymleader,bulbapedia,Raichu,26,prism_rom,Y
Lt. Surge,gymleader,bulbapedia,Raikou,,unresolved,Y
Lt. Surge,gymleader,bulbapedia,Seel,,unresolved,Y
Lt. Surge,gymleader,bulbapedia,Tangela,114,prism_rom,Y
Lt. Surge,gymleader,bulbapedia,Victreebel,71,prism_rom,Y
Lt. Surge,gymleader,bulbapedia,Voltorb,,unresolved,Y
Lt. Surge,gymleader,bulbapedia,Zapdos,145,prism_rom,Y
Lyra,protagonist,bulbapedia,Bayleef,153,prism_rom,Y
Lyra,protagonist,bulbapedia,Celebi,,unresolved,Y
Lyra,protagonist,bulbapedia,Chikorita,152,prism_rom,Y
Lyra,protagonist,bulbapedia,Cyndaquil,155,prism_rom,Y
Lyra,protagonist,bulbapedia,Entei,,unresolved,Y
Lyra,protagonist,bulbapedia,Gible,222,prism_rom,Y
Lyra,protagonist,bulbapedia,Girafarig,,unresolved,Y
Lyra,protagonist,bulbapedia,Jigglypuff,39,prism_rom,Y
Lyra,protagonist,bulbapedia,Marill,183,prism_rom,Y
Lyra,protagonist,bulbapedia,Meganium,154,prism_rom,Y
Lyra,protagonist,bulbapedia,Monferno,,unresolved,Y
Lyra,protagonist,bulbapedia,Phanpy,231,prism_rom,Y
Lyra,protagonist,bulbapedia,Piplup,,unresolved,Y
Lyra,protagonist,bulbapedia,Rattata,,unresolved,Y
Lyra,protagonist,bulbapedia,Sentret,161,prism_rom,Y
Lyra,protagonist,bulbapedia,Totodile,158,prism_rom,Y
Lyra,protagonist,bulbapedia,Vaporeon,134,prism_rom,Y
Misty,gymleader,bulbapedia,Ampharos,181,prism_rom,Y
Misty,gymleader,bulbapedia,Arbok,,unresolved,Y
Misty,gymleader,bulbapedia,Banette,89,prism_rom,Y
Misty,gymleader,bulbapedia,Blastoise,9,prism_rom,Y
Misty,gymleader,bulbapedia,Butterfree,12,prism_rom,Y
Misty,gymleader,bulbapedia,Carracosta,,unresolved,Y
Misty,gymleader,bulbapedia,Charmander,4,prism_rom,Y
Misty,gymleader,bulbapedia,Chinchou,170,prism_rom,Y
Misty,gymleader,bulbapedia,Clauncher,,unresolved,Y
Misty,gymleader,bulbapedia,Clefairy,,unresolved,Y
Misty,gymleader,bulbapedia,Dewgong,,unresolved,Y
Misty,gymleader,bulbapedia,Dragonair,,unresolved,Y
Misty,gymleader,bulbapedia,Dragonite,,unresolved,Y
Misty,gymleader,bulbapedia,Dugtrio,,unresolved,Y
Misty,gymleader,bulbapedia,Exeggutor,103,prism_rom,Y
Misty,gymleader,bulbapedia,Floatzel,,unresolved,Y
Misty,gymleader,bulbapedia,Frillish,,unresolved,Y
Misty,gymleader,bulbapedia,Goldeen,118,prism_rom,Y
Misty,gymleader,bulbapedia,Golduck,,unresolved,Y
Misty,gymleader,bulbapedia,Graveler,75,prism_rom,Y
Misty,gymleader,bulbapedia,Gyarados,130,prism_rom,Y
Misty,gymleader,bulbapedia,Hatterene,,unresolved,Y
Misty,gymleader,bulbapedia,Hoothoot,,unresolved,Y
Misty,gymleader,bulbapedia,Horsea,,unresolved,Y
Misty,gymleader,bulbapedia,Inteleon,,unresolved,Y
Misty,gymleader,bulbapedia,Jellicent,,unresolved,Y
Misty,gymleader,bulbapedia,Jigglypuff,39,prism_rom,Y
Misty,gymleader,bulbapedia,Lanturn,171,prism_rom,Y
Misty,gymleader,bulbapedia,Lapras,,unresolved,Y
Misty,gymleader,bulbapedia,Latios,,unresolved,Y
Misty,gymleader,bulbapedia,Lickitung,,unresolved,Y
Misty,gymleader,bulbapedia,Magikarp,129,prism_rom,Y
Misty,gymleader,bulbapedia,Mantine,,unresolved,Y
Misty,gymleader,bulbapedia,Milotic,211,prism_rom,Y
Misty,gymleader,bulbapedia,Miltank,,unresolved,Y
Misty,gymleader,bulbapedia,Mime Jr.,,unresolved,Y
Misty,gymleader,bulbapedia,Nidoqueen,,unresolved,Y
Misty,gymleader,bulbapedia,Omanyte,,unresolved,Y
Misty,gymleader,bulbapedia,Omastar,,unresolved,Y
Misty,gymleader,bulbapedia,Politoed,,unresolved,Y
Misty,gymleader,bulbapedia,Poliwhirl,,unresolved,Y
Misty,gymleader,bulbapedia,Poliwrath,,unresolved,Y
Misty,gymleader,bulbapedia,Psyduck,,unresolved,Y
Misty,gymleader,bulbapedia,Quagsire,,unresolved,Y
Misty,gymleader,bulbapedia,Rhydon,112,prism_rom,Y
Misty,gymleader,bulbapedia,Seadra,,unresolved,Y
Misty,gymleader,bulbapedia,Seaking,119,prism_rom,Y
Misty,gymleader,bulbapedia,Seel,,unresolved,Y
Misty,gymleader,bulbapedia,Shellder,,unresolved,Y
Misty,gymleader,bulbapedia,Slowbro,80,prism_rom,Y
Misty,gymleader,bulbapedia,Spearow,21,prism_rom,Y
Misty,gymleader,bulbapedia,Starmie,,unresolved,Y
Misty,gymleader,bulbapedia,Staryu,,unresolved,Y
Misty,gymleader,bulbapedia,Suicune,,unresolved,Y
Misty,gymleader,bulbapedia,Sunflora,,unresolved,Y
Misty,gymleader,bulbapedia,Swanna,,unresolved,Y
Misty,gymleader,bulbapedia,Tentacool,72,prism_rom,Y
Misty,gymleader,bulbapedia,Tentacruel,73,prism_rom,Y
Misty,gymleader,bulbapedia,Togepi,175,prism_rom,Y
Misty,gymleader,bulbapedia,Togetic,176,prism_rom,Y
Misty,gymleader,bulbapedia,Vaporeon,134,prism_rom,Y
Misty,gymleader,bulbapedia,Wailmer,187,prism_rom,Y
Misty,gymleader,bulbapedia,Wailord,188,prism_rom,Y
Misty,gymleader,bulbapedia,Weezing,110,prism_rom,Y
Misty,gymleader,bulbapedia,Wigglytuff,40,prism_rom,Y
Misty,gymleader,bulbapedia,Yamask,,unresolved,Y
Morty,gymleader,bulbapedia,Arceus,,unresolved,Y
Morty,gymleader,bulbapedia,Ariados,168,prism_rom,Y
Morty,gymleader,bulbapedia,Banette,89,prism_rom,Y
Morty,gymleader,bulbapedia,Chandelure,,unresolved,Y
Morty,gymleader,bulbapedia,Cofagrigus,,unresolved,Y
Morty,gymleader,bulbapedia,Cyndaquil,155,prism_rom,Y
Morty,gymleader,bulbapedia,Drifblim,85,prism_rom,Y
Morty,gymleader,bulbapedia,Dusknoir,173,prism_rom,Y
Morty,gymleader,bulbapedia,Electabuzz,125,prism_rom,Y
Morty,gymleader,bulbapedia,Exeggutor,103,prism_rom,Y
Morty,gymleader,bulbapedia,Froslass,34,prism_rom,Y
Morty,gymleader,bulbapedia,Gastly,92,prism_rom,Y
Morty,gymleader,bulbapedia,Gengar,94,prism_rom,Y
Morty,gymleader,bulbapedia,Girafarig,,unresolved,Y
Morty,gymleader,bulbapedia,Granbull,,unresolved,Y
Morty,gymleader,bulbapedia,Haunter,93,prism_rom,Y
Morty,gymleader,bulbapedia,Ho-Oh,250,prism_rom,Y
Morty,gymleader,bulbapedia,Jellicent,,unresolved,Y
Morty,gymleader,bulbapedia,Lapras,,unresolved,Y
Morty,gymleader,bulbapedia,Magnemite,81,prism_rom,Y
Morty,gymleader,bulbapedia,Mantine,,unresolved,Y
Morty,gymleader,bulbapedia,Marowak,,unresolved,Y
Morty,gymleader,bulbapedia,Misdreavus,200,prism_rom,Y
Morty,gymleader,bulbapedia,Mismagius,201,prism_rom,Y
Morty,gymleader,bulbapedia,Noctowl,,unresolved,Y
Morty,gymleader,bulbapedia,Raikou,,unresolved,Y
Morty,gymleader,bulbapedia,Sableye,86,prism_rom,Y
Morty,gymleader,bulbapedia,Spearow,21,prism_rom,Y
Morty,gymleader,bulbapedia,Sudowoodo,,unresolved,Y
Morty,gymleader,bulbapedia,Suicune,,unresolved,Y
Morty,gymleader,bulbapedia,Togepi,175,prism_rom,Y
Morty,gymleader,bulbapedia,Totodile,158,prism_rom,Y
Morty,gymleader,bulbapedia,Typhlosion,157,prism_rom,Y
Mura,elite4,rijon,Fearow,22,prism_rom,Y
Mura,elite4,rijon,Houndoom,229,prism_rom,Y
Mura,elite4,rijon,Leafeon,195,prism_rom,Y
Mura,elite4,rijon,Ludicolo,122,prism_rom,Y
Mura,elite4,rijon,Tyranitar,248,prism_rom,Y
Mura,elite4,rijon,Weezing,110,prism_rom,Y
Pryce,gymleader,bulbapedia,Abomasnow,,unresolved,Y
Pryce,gymleader,bulbapedia,Articuno,144,prism_rom,Y
Pryce,gymleader,bulbapedia,Bellossom,,unresolved,Y
Pryce,gymleader,bulbapedia,Celebi,,unresolved,Y
Pryce,gymleader,bulbapedia,Clefairy,,unresolved,Y
Pryce,gymleader,bulbapedia,Cloyster,,unresolved,Y
Pryce,gymleader,bulbapedia,Cyndaquil,155,prism_rom,Y
Pryce,gymleader,bulbapedia,Delibird,,unresolved,Y
Pryce,gymleader,bulbapedia,Dewgong,,unresolved,Y
Pryce,gymleader,bulbapedia,Donphan,232,prism_rom,Y
Pryce,gymleader,bulbapedia,Froslass,34,prism_rom,Y
Pryce,gymleader,bulbapedia,Girafarig,,unresolved,Y
Pryce,gymleader,bulbapedia,Giratina,,unresolved,Y
Pryce,gymleader,bulbapedia,Glalie,33,prism_rom,Y
Pryce,gymleader,bulbapedia,Hitmontop,237,prism_rom,Y
Pryce,gymleader,bulbapedia,Jynx,,unresolved,Y
Pryce,gymleader,bulbapedia,Lapras,,unresolved,Y
Pryce,gymleader,bulbapedia,Lugia,249,prism_rom,Y
Pryce,gymleader,bulbapedia,Magmar,126,prism_rom,Y
Pryce,gymleader,bulbapedia,Mamoswine,230,prism_rom,Y
Pryce,gymleader,bulbapedia,Palkia,,unresolved,Y
Pryce,gymleader,bulbapedia,Pikachu,25,prism_rom,Y
Pryce,gymleader,bulbapedia,Piloswine,221,prism_rom,Y
Pryce,gymleader,bulbapedia,Quagsire,,unresolved,Y
Pryce,gymleader,bulbapedia,Seel,,unresolved,Y
Pryce,gymleader,bulbapedia,Shellder,,unresolved,Y
Pryce,gymleader,bulbapedia,Suicune,,unresolved,Y
Pryce,gymleader,bulbapedia,Swinub,220,prism_rom,Y
Pryce,gymleader,bulbapedia,Tentacruel,73,prism_rom,Y
Pryce,gymleader,bulbapedia,Totodile,158,prism_rom,Y
Pryce,gymleader,bulbapedia,Ursaring,217,prism_rom,Y
Pryce,gymleader,bulbapedia,Walrein,,unresolved,Y
Pryce,gymleader,bulbapedia,Weavile,235,prism_rom,Y
Red,protagonist,bulbapedia,Arcanine,59,prism_rom,Y
Red,protagonist,bulbapedia,Articuno,144,prism_rom,Y
Red,protagonist,bulbapedia,Blastoise,9,prism_rom,Y
Red,protagonist,bulbapedia,Bulbasaur,1,prism_rom,Y
Red,protagonist,bulbapedia,Caterpie,10,prism_rom,Y
Red,protagonist,bulbapedia,Charizard,6,prism_rom,Y
Red,protagonist,bulbapedia,Charmander,4,prism_rom,Y
Red,protagonist,bulbapedia,Deoxys,,unresolved,Y
Red,protagonist,bulbapedia,Dragonite,,unresolved,Y
Red,protagonist,bulbapedia,Eevee,133,prism_rom,Y
Red,protagonist,bulbapedia,Entei,,unresolved,Y
Red,protagonist,bulbapedia,Espeon,196,prism_rom,Y
Red,protagonist,bulbapedia,Feraligatr,160,prism_rom,Y
Red,protagonist,bulbapedia,Ivysaur,2,prism_rom,Y
Red,protagonist,bulbapedia,Jolteon,135,prism_rom,Y
Red,protagonist,bulbapedia,Lapras,,unresolved,Y
Red,protagonist,bulbapedia,Machamp,68,prism_rom,Y
Red,protagonist,bulbapedia,Meganium,154,prism_rom,Y
Red,protagonist,bulbapedia,Noivern,,unresolved,Y
Red,protagonist,bulbapedia,Pikachu,25,prism_rom,Y
Red,protagonist,bulbapedia,Probopass,,unresolved,Y
Red,protagonist,bulbapedia,Raikou,,unresolved,Y
Red,protagonist,bulbapedia,Regigigas,,unresolved,Y
Red,protagonist,bulbapedia,Scizor,212,prism_rom,Y
Red,protagonist,bulbapedia,Snorlax,143,prism_rom,Y
Red,protagonist,bulbapedia,Squirtle,7,prism_rom,Y
Red,protagonist,bulbapedia,Suicune,,unresolved,Y
Red,protagonist,bulbapedia,Tauros,,unresolved,Y
Red,protagonist,bulbapedia,Typhlosion,157,prism_rom,Y
Red,protagonist,bulbapedia,Venusaur,3,prism_rom,Y
Red,protagonist,bulbapedia,Vigoroth,,unresolved,Y
Red,protagonist,bulbapedia,Volcarona,,unresolved,Y
Red,protagonist,bulbapedia,Wailord,188,prism_rom,Y
Red,protagonist,bulbapedia,Wooper,,unresolved,Y
Rinji,gymleader,rijon,Ivysaur,2,prism_rom,Y
Rinji,gymleader,rijon,Lombre,121,prism_rom,Y
Rinji,gymleader,rijon,Ludicolo,122,prism_rom,Y
Rinji,gymleader,rijon,Tangela,114,prism_rom,Y
Rinji,gymleader,rijon,Tangrowth,116,prism_rom,Y
Rinji,gymleader,rijon,Venusaur,3,prism_rom,Y
Ritchie,anime,bulbapedia,Butterfree,12,prism_rom,Y
Ritchie,anime,bulbapedia,Celebi,,unresolved,Y
Ritchie,anime,bulbapedia,Charizard,6,prism_rom,Y
Ritchie,anime,bulbapedia,Charmander,4,prism_rom,Y
Ritchie,anime,bulbapedia,Charmeleon,5,prism_rom,Y
Ritchie,anime,bulbapedia,Cyndaquil,155,prism_rom,Y
Ritchie,anime,bulbapedia,Eevee,133,prism_rom,Y
Ritchie,anime,bulbapedia,Electabuzz,125,prism_rom,Y
Ritchie,anime,bulbapedia,Mightyena,,unresolved,Y
Ritchie,anime,bulbapedia,Moltres,146,prism_rom,Y
Ritchie,anime,bulbapedia,Pikachu,25,prism_rom,Y
Ritchie,anime,bulbapedia,Poliwhirl,,unresolved,Y
Ritchie,anime,bulbapedia,Ponyta,77,prism_rom,Y
Ritchie,anime,bulbapedia,Pupitar,247,prism_rom,Y
Ritchie,anime,bulbapedia,Salamence,227,prism_rom,Y
Ritchie,anime,bulbapedia,Scyther,123,prism_rom,Y
Ritchie,anime,bulbapedia,Spearow,21,prism_rom,Y
Ritchie,anime,bulbapedia,Squirtle,7,prism_rom,Y
Ritchie,anime,bulbapedia,Taillow,19,prism_rom,Y
Ritchie,anime,bulbapedia,Tentacool,72,prism_rom,Y
Sabrina,gymleader,bulbapedia,Abra,63,prism_rom,Y
Sabrina,gymleader,bulbapedia,Alakazam,65,prism_rom,Y
Sabrina,gymleader,bulbapedia,Articuno,144,prism_rom,Y
Sabrina,gymleader,bulbapedia,Charizard,6,prism_rom,Y
Sabrina,gymleader,bulbapedia,Chingling,13,prism_rom,Y
Sabrina,gymleader,bulbapedia,Clefairy,,unresolved,Y
Sabrina,gymleader,bulbapedia,Cloyster,,unresolved,Y
Sabrina,gymleader,bulbapedia,Drowzee,,unresolved,Y
Sabrina,gymleader,bulbapedia,Espeon,196,prism_rom,Y
Sabrina,gymleader,bulbapedia,Exeggutor,103,prism_rom,Y
Sabrina,gymleader,bulbapedia,Furret,162,prism_rom,Y
Sabrina,gymleader,bulbapedia,Gallade,166,prism_rom,Y
Sabrina,gymleader,bulbapedia,Golduck,,unresolved,Y
Sabrina,gymleader,bulbapedia,Haunter,93,prism_rom,Y
Sabrina,gymleader,bulbapedia,Heracross,,unresolved,Y
Sabrina,gymleader,bulbapedia,Hitmonlee,106,prism_rom,Y
Sabrina,gymleader,bulbapedia,Hypno,,unresolved,Y
Sabrina,gymleader,bulbapedia,Jynx,,unresolved,Y
Sabrina,gymleader,bulbapedia,Kadabra,64,prism_rom,Y
Sabrina,gymleader,bulbapedia,Lapras,,unresolved,Y
Sabrina,gymleader,bulbapedia,Metagross,149,prism_rom,Y
Sabrina,gymleader,bulbapedia,Mewtwo,150,prism_rom,Y
Sabrina,gymleader,bulbapedia,Moltres,146,prism_rom,Y
Sabrina,gymleader,bulbapedia,Mr. Mime,,unresolved,Y
Sabrina,gymleader,bulbapedia,Sandslash,,unresolved,Y
Sabrina,gymleader,bulbapedia,Scizor,212,prism_rom,Y
Sabrina,gymleader,bulbapedia,Scyther,123,prism_rom,Y
Sabrina,gymleader,bulbapedia,Sigilyph,,unresolved,Y
Sabrina,gymleader,bulbapedia,Slowbro,80,prism_rom,Y
Sabrina,gymleader,bulbapedia,Slowking,199,prism_rom,Y
Sabrina,gymleader,bulbapedia,Snorlax,143,prism_rom,Y
Sabrina,gymleader,bulbapedia,Swoobat,,unresolved,Y
Sabrina,gymleader,bulbapedia,Typhlosion,157,prism_rom,Y
Sabrina,gymleader,bulbapedia,Venomoth,49,prism_rom,Y
Sabrina,gymleader,bulbapedia,Vileplume,,unresolved,Y
Sabrina,gymleader,bulbapedia,Wigglytuff,40,prism_rom,Y
Sabrina,gymleader,bulbapedia,Wobbuffet,,unresolved,Y
Sabrina,gymleader,bulbapedia,Woobat,,unresolved,Y
Sabrina,gymleader,bulbapedia,Zapdos,145,prism_rom,Y
Silver,rival,bulbapedia,Alakazam,65,prism_rom,Y
Silver,rival,bulbapedia,Bayleef,153,prism_rom,Y
Silver,rival,bulbapedia,Chikorita,152,prism_rom,Y
Silver,rival,bulbapedia,Crobat,169,prism_rom,Y
Silver,rival,bulbapedia,Croconaw,159,prism_rom,Y
Silver,rival,bulbapedia,Cyndaquil,155,prism_rom,Y
Silver,rival,bulbapedia,Feraligatr,160,prism_rom,Y
Silver,rival,bulbapedia,Gastly,92,prism_rom,Y
Silver,rival,bulbapedia,Gengar,94,prism_rom,Y
Silver,rival,bulbapedia,Golbat,42,prism_rom,Y
Silver,rival,bulbapedia,Gyarados,130,prism_rom,Y
Silver,rival,bulbapedia,Haunter,93,prism_rom,Y
Silver,rival,bulbapedia,Ho-Oh,250,prism_rom,Y
Silver,rival,bulbapedia,Kadabra,64,prism_rom,Y
Silver,rival,bulbapedia,Lugia,249,prism_rom,Y
Silver,rival,bulbapedia,Magnemite,81,prism_rom,Y
Silver,rival,bulbapedia,Magneton,82,prism_rom,Y
Silver,rival,bulbapedia,Meganium,154,prism_rom,Y
Silver,rival,bulbapedia,Mewtwo,150,prism_rom,Y
Silver,rival,bulbapedia,Moltres,146,prism_rom,Y
Silver,rival,bulbapedia,Nidoking,,unresolved,Y
Silver,rival,bulbapedia,Quilava,156,prism_rom,Y
Silver,rival,bulbapedia,Salamence,227,prism_rom,Y
Silver,rival,bulbapedia,Sneasel,215,prism_rom,Y
Silver,rival,bulbapedia,Suicune,,unresolved,Y
Silver,rival,bulbapedia,Totodile,158,prism_rom,Y
Silver,rival,bulbapedia,Typhlosion,157,prism_rom,Y
Silver,rival,bulbapedia,Tyranitar,248,prism_rom,Y
Silver,rival,bulbapedia,Zubat,41,prism_rom,Y
Sora,elite4,rijon,Altaria,203,prism_rom,Y
Sora,elite4,rijon,Drifblim,85,prism_rom,Y
Sora,elite4,rijon,Gliscor,209,prism_rom,Y
Sora,elite4,rijon,Gyarados,130,prism_rom,Y
Sora,elite4,rijon,Pidgeot,18,prism_rom,Y
Tracey,anime,bulbapedia,Azurill,,unresolved,Y
Tracey,anime,bulbapedia,Bulbasaur,1,prism_rom,Y
Tracey,anime,bulbapedia,Dodrio,,unresolved,Y
Tracey,anime,bulbapedia,Electivire,127,prism_rom,Y
Tracey,anime,bulbapedia,Gyarados,130,prism_rom,Y
Tracey,anime,bulbapedia,Infernape,,unresolved,Y
Tracey,anime,bulbapedia,Magikarp,129,prism_rom,Y
Tracey,anime,bulbapedia,Marill,183,prism_rom,Y
Tracey,anime,bulbapedia,Pikachu,25,prism_rom,Y
Tracey,anime,bulbapedia,Rhyhorn,111,prism_rom,Y
Tracey,anime,bulbapedia,Scyther,123,prism_rom,Y
Tracey,anime,bulbapedia,Venonat,48,prism_rom,Y
Whitney,gymleader,bulbapedia,Ambipom,,unresolved,Y
Whitney,gymleader,bulbapedia,Bibarel,,unresolved,Y
Whitney,gymleader,bulbapedia,Blissey,242,prism_rom,Y
Whitney,gymleader,bulbapedia,Cinccino,,unresolved,Y
Whitney,gymleader,bulbapedia,Clefable,,unresolved,Y
Whitney,gymleader,bulbapedia,Clefairy,,unresolved,Y
Whitney,gymleader,bulbapedia,Cleffa,,unresolved,Y
Whitney,gymleader,bulbapedia,Delcatty,,unresolved,Y
Whitney,gymleader,bulbapedia,Ditto,132,prism_rom,Y
Whitney,gymleader,bulbapedia,Dodrio,,unresolved,Y
Whitney,gymleader,bulbapedia,Donphan,232,prism_rom,Y
Whitney,gymleader,bulbapedia,Dragonite,,unresolved,Y
Whitney,gymleader,bulbapedia,Entei,,unresolved,Y
Whitney,gymleader,bulbapedia,Farfetch'd,,unresolved,Y
Whitney,gymleader,bulbapedia,Girafarig,,unresolved,Y
Whitney,gymleader,bulbapedia,Gloom,,unresolved,Y
Whitney,gymleader,bulbapedia,Golduck,,unresolved,Y
Whitney,gymleader,bulbapedia,Igglybuff,174,prism_rom,Y
Whitney,gymleader,bulbapedia,Lickilicky,,unresolved,Y
Whitney,gymleader,bulbapedia,Lopunny,24,prism_rom,Y
Whitney,gymleader,bulbapedia,Magby,240,prism_rom,Y
Whitney,gymleader,bulbapedia,Miltank,,unresolved,Y
Whitney,gymleader,bulbapedia,Mr. Mime,,unresolved,Y
Whitney,gymleader,bulbapedia,Nidorina,,unresolved,Y
Whitney,gymleader,bulbapedia,Persian,,unresolved,Y
Whitney,gymleader,bulbapedia,Pidgey,16,prism_rom,Y
Whitney,gymleader,bulbapedia,Pikachu,25,prism_rom,Y
Whitney,gymleader,bulbapedia,Psyduck,,unresolved,Y
Whitney,gymleader,bulbapedia,Rhydon,112,prism_rom,Y
Whitney,gymleader,bulbapedia,Sawsbuck,,unresolved,Y
Whitney,gymleader,bulbapedia,Smeargle,,unresolved,Y
Whitney,gymleader,bulbapedia,Stantler,,unresolved,Y
Whitney,gymleader,bulbapedia,Sudowoodo,,unresolved,Y
Whitney,gymleader,bulbapedia,Suicune,,unresolved,Y
Whitney,gymleader,bulbapedia,Tauros,,unresolved,Y
Whitney,gymleader,bulbapedia,Ursaring,217,prism_rom,Y
Whitney,gymleader,bulbapedia,Watchog,,unresolved,Y
Whitney,gymleader,bulbapedia,Wigglytuff,40,prism_rom,Y
Will,elite4,bulbapedia,Articuno,144,prism_rom,Y
Will,elite4,bulbapedia,Bronzong,51,prism_rom,Y
Will,elite4,bulbapedia,Celebi,,unresolved,Y
Will,elite4,bulbapedia,Chansey,113,prism_rom,Y
Will,elite4,bulbapedia,Clefable,,unresolved,Y
Will,elite4,bulbapedia,Clefairy,,unresolved,Y
Will,elite4,bulbapedia,Electabuzz,125,prism_rom,Y
Will,elite4,bulbapedia,Exeggutor,103,prism_rom,Y
Will,elite4,bulbapedia,Feraligatr,160,prism_rom,Y
Will,elite4,bulbapedia,Flareon,136,prism_rom,Y
Will,elite4,bulbapedia,Gardevoir,165,prism_rom,Y
Will,elite4,bulbapedia,Girafarig,,unresolved,Y
Will,elite4,bulbapedia,Grumpig,,unresolved,Y
Will,elite4,bulbapedia,Ho-Oh,250,prism_rom,Y
Will,elite4,bulbapedia,Hypno,,unresolved,Y
Will,elite4,bulbapedia,Jynx,,unresolved,Y
Will,elite4,bulbapedia,Kadabra,64,prism_rom,Y
Will,elite4,bulbapedia,Lugia,249,prism_rom,Y
Will,elite4,bulbapedia,Mantine,,unresolved,Y
Will,elite4,bulbapedia,Moltres,146,prism_rom,Y
Will,elite4,bulbapedia,Natu,177,prism_rom,Y
Will,elite4,bulbapedia,Slowbro,80,prism_rom,Y
Will,elite4,bulbapedia,Xatu,178,prism_rom,Y
Will,elite4,bulbapedia,Zapdos,145,prism_rom,Y
Yuki,elite4,rijon,Froslass,34,prism_rom,Y
Yuki,elite4,rijon,Glaceon,198,prism_rom,Y
Yuki,elite4,rijon,Glalie,33,prism_rom,Y
Yuki,elite4,rijon,Mamoswine,230,prism_rom,Y
Yuki,elite4,rijon,Weavile,235,prism_rom,Y
