donor_label	donor_off	prism_off	chunks	total	frac
Bankswitch	0x000010	0x0A0B06	3	4	0.75
JumpTable	0x000028	0x10413E	39	50	0.78
Start	0x000100	0x000100	8	14	0.57
Reset	0x000150	0x000150	2	2	1.00
DisableLCD	0x000568	0x00158D	2	4	0.50
GetClock	0x0005B7	0x00348E	4	5	0.80
Serial_ExchangeBytes	0x00075F	0x002BC5	6	6	1.00
Serial_ExchangeByte	0x00078A	0x002BF0	20	20	1.00
Serial_ExchangeSyncBytes	0x00083B	0x002CA1	4	4	1.00
WaitLinkTransfer	0x00087D	0x002CD5	7	7	1.00
LinkTransfer	0x0008C1	0x002D19	8	8	1.00
JoyTextDelay	0x000A57	0x001417	4	4	1.00
ForceUpdateCGBPals	0x000C37	0x002757	15	20	0.75
DmgToCgbBGPals	0x000C9F	0x0027BB	3	5	0.60
DmgToCgbObjPals	0x000CCB	0x0027E1	4	6	0.67
CopyPals	0x000D50	0x002858	5	7	0.71
TextboxPalette	0x001024	0x0042F3	3	3	1.00
TextCommand_DECIMAL	0x0014D2	0x0032D1	4	4	1.00
UpdateBGMapBuffer	0x0015E3	0x00392D	7	14	0.50
_Serve2bppRequest	0x00177D	0x003A14	8	15	0.53
GetSpriteVTile	0x00180E	0x0020B0	3	5	0.60
LoadMovementDataPointer	0x0019E9	0x0021A9	4	4	1.00
FindFirstEmptyObjectStruct	0x001A13	0x0021D3	3	3	1.00
GetSpriteMovementFunction	0x001A2F	0x0021EF	2	3	0.67
GetInitialFacing	0x001A47	0x002207	3	3	1.00
CopySpriteMovementData	0x001A61	0x002216	10	13	0.77
ComputePathToWalkToPlayer	0x001B5F	0x0026FA	11	13	0.85
Load2DMenuData	0x001BB1	0x00263A	3	3	1.00
RestoreTileBackup	0x001C23	0x003310	2	4	0.50
PlaceVerticalMenuItems	0x001C89	0x003390	4	6	0.67
GetMenuTextStartCoord	0x001CC6	0x0033CD	2	2	1.00
InterpretTwoOptionMenu	0x001DFE	0x002421	3	3	1.00
_OffsetMenuHeader	0x001E35	0x002457	4	4	1.00
MenuWriteText	0x001E8C	0x0024B4	2	2	1.00
GetMenuIndexSet	0x001EBD	0x0024E5	3	3	1.00
RunMenuItemPrintingFunction	0x001EDA	0x002502	3	4	0.75
InitMenuCursorAndButtonPermissions	0x001EFF	0x002523	1	2	0.50
ContinueGettingMenuJoypad	0x001F2A	0x00254D	8	8	1.00
ClearWindowData	0x001FBF	0x0025D6	3	5	0.60
AskSerial	0x002063	0x001295	3	4	0.75
GetCurrentMapSceneID	0x00212A	0x0015C9	2	2	1.00
CopyWarpData	0x0022A7	0x001667	4	8	0.50
ReadMapEvents	0x002336	0x0016E8	2	2	1.00
ReadObjectEvents	0x00241F	0x0017AF	3	6	0.50
CopyMapObjectEvents	0x002457	0x0017E5	4	4	1.00
FillNorthConnectionStrip	0x0025D3	0x001997	3	5	0.60
FillSouthConnectionStrip	0x0025D3	0x001997	3	5	0.60
FillEastConnectionStrip	0x0025F6	0x001968	3	6	0.50
FillWestConnectionStrip	0x0025F6	0x001968	3	6	0.50
RunMapCallback	0x00263B	0x0019F6	4	8	0.50
ScrollMapRight	0x00278F	0x001B39	3	4	0.75
UpdateBGMapRow	0x0027D3	0x001B7D	5	5	1.00
BufferScreen	0x002879	0x001C0B	3	5	0.60
SaveScreen_LoadConnection	0x0028F7	0x001C86	2	4	0.50
GetMovementPermissions	0x002914	0x001CA3	20	29	0.69
GetFacingTileCoord	0x002A07	0x001D8A	5	7	0.71
CheckFacingBGEvent	0x002A8B	0x001DFB	2	4	0.50
GetBasePokemonName	0x003420	0x0011BA	2	2	1.00
FacingPlayerDistance	0x0036AD	0x0036CA	10	10	1.00
PrintWinLossText	0x003718	0x003734	2	3	0.67
DrawBattleHPBar	0x003750	0x0508A8	7	9	0.78
PrintBCDNumber	0x0038BB	0x0CB2C2	3	6	0.50
UpdateEnemyMonInParty	0x0039B0	0x0006F6	1	1	1.00
BattleVarLocations	0x003A5C	0x000780	4	5	0.80
PushLYOverrides	0x003B0C	0x028671	1	2	0.50
WaitSFX	0x003C55	0x005F9F	1	2	0.50
CheckSFX	0x003DDE	0x0004FE	2	3	0.67
Function3f9f	0x003F9F	0x0044AE	17	21	0.81
FacingBigDollSymmetric	0x0041A3	0x006327	9	9	1.00
FacingBigDollAsymmetric	0x004206	0x00638A	8	8	1.00
SpriteMovementData	0x004273	0x0064C1	31	34	0.91
DeleteMapObject	0x004357	0x006790	4	4	1.00
CounterclockwiseSpinAction	0x00453F	0x00666D	4	6	0.67
CopyCoordsTileToLastCoordsTile	0x004600	0x0068C8	3	5	0.60
SetTallGrassFlags	0x004661	0x00690E	1	2	0.50
GetNextTile	0x0046A6	0x006954	6	6	1.00
UpdatePlayerStep	0x004738	0x006A32	2	2	1.00
StepFunction_Reset	0x0047BC	0x006AA6	3	3	1.00
MovementFunction_Shadow	0x0049E5	0x00779E	5	7	0.71
MovementFunction_Emote	0x004A21	0x0077D8	3	3	1.00
MovementFunction_BoulderDust	0x004A46	0x0077FD	8	8	1.00
MovementFunction_ScreenShake	0x004ABC	0x00788E	7	7	1.00
_RandomWalkContinue	0x004AF0	0x0075EA	4	4	1.00
_SetRandomStepDuration	0x004B2D	0x006AD3	2	2	1.00
StepFunction_Skyfall	0x004D14	0x006C84	11	13	0.85
StepFunction_GotBite	0x004D7E	0x006D09	4	6	0.67
StepFunction_RockSmash	0x004DAF	0x006D34	1	2	0.50
StepFunction_NPCWalk	0x004E2B	0x006B1A	1	2	0.50
StepFunction_PlayerWalk	0x004E56	0x006DD7	2	4	0.50
StepFunction_StrengthBoulder	0x004ECD	0x006E5D	4	6	0.67
StepFunction_TrackingObject	0x004F04	0x006E92	6	6	1.00
StepFunction_SkyfallTop	0x004F83	0x006F02	3	5	0.60
UpdateJumpPosition	0x004FD5	0x006F30	4	6	0.67
Movement_step_dig	0x005145	0x007994	4	4	1.00
Movement_return_dig	0x00516A	0x0079B9	3	3	1.00
Movement_step_end	0x0051C1	0x007A29	2	2	1.00
Movement_step_wait_end	0x0051DB	0x007A43	3	3	1.00
Movement_step_sleep_common	0x005247	0x0079A7	1	2	0.50
Movement_step_bump	0x00525F	0x007ACF	2	2	1.00
Movement_tree_shake	0x005279	0x007AE9	2	2	1.00
JumpStep	0x00548A	0x007CB2	2	4	0.50
ApplyMovementToFollower	0x0054B8	0x006FBB	5	6	0.83
GetFollowerNextMovementIndex	0x0054E6	0x006FE8	7	9	0.78
DespawnEmote	0x005579	0x0070A0	6	6	1.00
SetFollowerIfVisible	0x00582C	0x007325	2	2	1.00
FreezeAllObjects	0x00587A	0x007346	3	3	1.00
_UnfreezeFollowerObject	0x005897	0x00736B	3	3	1.00
_UpdateSprites	0x005920	0x0073AD	6	7	0.86
ApplyBGMapAnchorToObjects	0x005958	0x0073E5	8	8	1.00
InitSprites	0x005991	0x00741D	46	50	0.92
SetDefaultBoxNames	0x005CA6	0x00577D	5	6	0.83
Continue_DisplayBadgesDexPlayerName	0x005F1C	0x005A62	4	4	1.00
Continue_DisplayPokedexNumCaught	0x005F6B	0x005AAF	1	1	1.00
Copyright	0x0063E2	0x0A04F9	1	1	1.00
GameInit	0x00642E	0x0061EF	2	3	0.67
LoadFonts_NoOAMUpdate	0x0064BF	0x00037D	1	2	0.50
ForgetMove	0x0065D3	0x0041A7	9	17	0.53
CanObjectMoveInDirection	0x006EC1	0x007CDC	8	10	0.80
WillObjectBumpIntoTile	0x006F3E	0x007D55	4	4	1.00
CanObjectLeaveTile	0x006F5F	0x007D55	4	4	1.00
GetSideWallDirectionMask	0x006F7F	0x007D96	4	4	1.00
IsNPCAtCoord	0x007041	0x007E18	13	13	1.00
HasObjectReachedMovementLimit	0x0070A4	0x007E7B	11	11	1.00
WillObjectIntersectBigObject	0x007171	0x007EE3	3	3	1.00
GetFirstPokemonHappiness	0x00718D	0x00503F	1	2	0.50
HappinessChanges	0x007221	0x0050E6	8	8	1.00
BillsGrandfather	0x0073F7	0x0E2C74	1	2	0.50
BlankScreen	0x008000	0x0B42CF	2	3	0.67
RefreshPlayerCoords	0x0080B8	0x02EBEA	4	5	0.80
CopyObjectStruct	0x0080E7	0x02EC1E	4	5	0.80
CopyMapObjectToObjectStruct	0x008116	0x02EC4C	9	10	0.90
CopyTempObjectToObjectStruct	0x008286	0x02EDAB	16	19	0.84
TrainerWalkToPlayer	0x00831E	0x02EE41	9	11	0.82
FollowNotExact	0x00839E	0x02EE9A	17	17	1.00
GetRelativeFacing	0x008417	0x10CAEA	13	18	0.72
QueueFollowerFirstStep	0x00848A	0x10CB69	10	10	1.00
_Sine	0x0084D9	0x10CBB1	18	21	0.86
ApplyHPBarPals	0x008C43	0x008085	4	8	0.50
_CGB_BattleGrayscale	0x008DB8	0x00812C	2	2	1.00
_CGB_BattleColors	0x008DDB	0x00814F	7	7	1.00
_CGB_FinishBattleScreenLayout	0x008E23	0x008197	7	8	0.88
_CGB_StatsScreenHPPals	0x008EDB	0x00823F	9	10	0.90
StatsScreenPagePals	0x008F52	0x0082C9	5	5	1.00
_CGB_Pokedex	0x008F70	0x0082F1	5	6	0.83
_CGB_BillsPC	0x008FCA	0x008348	4	5	0.80
_CGB_Unknown	0x009009	0x00835A	2	3	0.67
_CGB_SlotMachine	0x00906E	0x008263	10	11	0.91
_CGB_Diploma	0x0091AD	0x008413	1	1	1.00
_CGB_MoveList	0x009373	0x0085A8	3	4	0.75
_CGB_PackPals	0x0093D3	0x0085E7	27	31	0.87
_CGB_Pokepic	0x009499	0x0086BB	3	6	0.50
_CGB_TradeTube	0x009555	0x00876C	1	2	0.50
LoadPalette_White_Col1_Col2_Black	0x009643	0x0087D2	4	5	0.80
ResetBGPals	0x009673	0x0087F0	3	6	0.50
CGB_ApplyPartyMenuHPPals	0x0096F3	0x00881E	2	4	0.50
BattleObjectPals	0x00979C	0x008909	10	10	1.00
PredefPals	0x009DF6	0x0089FC	149	149	1.00
EnvironmentColorsPointers	0x00B279	0x009A19	20	24	0.83
DiplomaPalettes	0x00B641	0x00A039	13	13	1.00
PartyMenuOBPals	0x00B681	0x00A0B9	14	14	1.00
UnusedBattleObjectPals	0x00B6C1	0x00A0F9	10	10	1.00
_PrintNum	0x00C4C7	0x0B4153	36	57	0.63
HealPartyMon	0x00C677	0x02EF35	4	5	0.80
GetPartyNickname	0x00C706	0x0B18FE	1	1	1.00
CutDownTreeOrGrass	0x00C810	0x0B123B	2	4	0.50
CutTreeBlockPointers	0x00C862	0x0B128D	6	12	0.50
TryRockSmashFromMenu	0x00CEF4	0x0B1817	2	2	1.00
GetFacingObject	0x00CF0D	0x0B1834	2	3	0.67
PutItemInPocket	0x00D29C	0x048396	14	14	1.00
TossKeyItem	0x00D374	0x048464	8	8	1.00
GetItemAttr	0x00D460	0x0484FF	2	3	0.67
HPBarAnim_UpdateHPRemaining	0x00D784	0x10012A	4	5	0.80
GeneratePartyMonStats	0x00D906	0x0F0073	32	56	0.57
SendGetMonIntoFromBox	0x00DB3F	0x0F0258	24	43	0.56
ComputeNPCTrademonStats	0x00E134	0x0F0777	3	5	0.60
CheckCurPartyMonFainted	0x00E538	0x0E344E	4	4	1.00
ClearPCItemScreen	0x00E58B	0x0E3485	3	3	1.00
_DoItemEffect	0x00E722	0x00E6DC	1	1	1.00
UseStatusHealer	0x00EFDA	0x00EA56	2	4	0.50
GetItemHealingAction	0x00F058	0x00EACF	3	3	1.00
StatusHealingActions	0x00F071	0x00EAE8	8	8	1.00
Elixer_RestorePPofAllMoves	0x00F6AF	0x00F005	3	5	0.60
RestorePP	0x00F6E8	0x00F13F	7	7	1.00
RestoreAllPP	0x00F8B9	0x00F75C	7	7	1.00
KnowsMove	0x00F9EA	0x0DB79E	380	385	0.99
InitPackBuffers	0x01068A	0x010573	2	2	1.00
DepositSellInitPackBuffers	0x0106A5	0x01058E	1	1	1.00
DepositSellPack	0x0106BE	0x01059D	8	15	0.53
Pack_InitGFX	0x010955	0x01076D	6	6	1.00
PackMenuGFX	0x010B16	0x0108E9	306	306	1.00
PackGFX	0x011016	0x010DE9	205	205	1.00
NamingScreen	0x0116C1	0x011413	6	12	0.50
NamingScreen_InitText	0x0118A8	0x0115A8	2	2	1.00
NamingScreen_ApplyTextInputMode	0x0118CA	0x0115CA	6	8	0.75
NamingScreen_GetCursorPosition	0x011A11	0x011731	5	5	1.00
NamingScreen_StoreEntry	0x011BF7	0x011843	3	3	1.00
LoadNamingScreenGFX	0x011C51	0x011895	7	9	0.78
NamingScreenGFX_Cursor	0x011CC7	0x011A81	7	7	1.00
NameInputLower	0x011CE7	0x0118FB	20	20	1.00
BoxNameInputLower	0x011D3C	0x011950	21	21	1.00
NameInputUpper	0x011DA2	0x0119B6	19	19	1.00
BoxNameInputUpper	0x011DF7	0x011A0B	24	24	1.00
ComposeMail_GetCursorPosition	0x01218B	0x01173A	3	4	0.75
HealMachineAnim	0x012324	0x011C6B	33	62	0.53
ChooseMoveToDelete	0x012F5B	0x012727	5	9	0.56
ManagePokemonMoves	0x012FBA	0x01277F	1	2	0.50
PrepareToPlaceMoveData	0x013235	0x0129BD	1	2	0.50
PlaceMoveScreenLeftArrow	0x0132DA	0x012AB0	2	4	0.50
PlaceMoveScreenRightArrow	0x0132FE	0x012A87	3	5	0.60
Elevator_GoToFloor	0x0134C0	0x012C3C	1	2	0.50
Elevator_AskWhichFloor	0x0134DD	0x012C56	4	4	1.00
GetSquareRoot	0x013B87	0x0DB5AD	152	262	0.58
StartRTC	0x014019	0x113F15	1	1	1.00
SaveRTC	0x01406A	0x113EEE	1	2	0.50
SortUsedSprites	0x01431E	0x01425B	8	10	0.80
LoadEmote	0x01442F	0x014348	2	4	0.50
StartMoveMonWOMail_SaveGame	0x014B34	0x014C29	2	2	1.00
SaveTheGame_yesorno	0x014BAF	0x014CD4	1	2	0.50
UpdateStackTop	0x014C6B	0x014DF0	2	4	0.50
_LoadData	0x0150B9	0x117D51	1	2	0.50
GetBoxAddress	0x0150D8	0x0151E0	5	5	1.00
BoxAddresses	0x01522D	0x015278	13	13	1.00
EnterMapSpawnPoint	0x01531F	0x015372	4	4	1.00
_PlayersHousePC	0x0156D9	0x1C5F63	3	3	1.00
LoadMartPointer	0x015B10	0x116DA1	2	2	1.00
GetMartPrice	0x015BF0	0x116F0B	4	6	0.67
ReadMart	0x015C25	0x116F3C	3	6	0.50
SubtractFunds	0x016037	0x117779	5	5	1.00
AddFunds	0x016055	0x117797	4	4	1.00
GiveCoins	0x01606F	0x1177B1	3	3	1.00
Mom_ContinueMenuSetup	0x01651A	0x0481E8	3	6	0.50
LoadEggMove	0x017169	0x053AB5	5	6	0.83
GetBreedmonMovePointer	0x01720B	0x053B49	2	2	1.00
Hatch_UpdateFrontpicBGMapCenter	0x017254	0x053B7C	2	4	0.50
EggHatch_CrackShell	0x01736D	0x053C9C	3	3	1.00
EggHatchGFX	0x017393	0x053CC2	4	4	1.00
Hatch_InitShellFragments	0x0173B3	0x053CE0	13	16	0.81
TilesetPlayersRoomColl	0x01BCFE	0x15CFC0	140	191	0.73
LoadMapGroupRoof	0x01C000	0x01E0FA	1	2	0.50
MapGroupRoofs	0x01C021	0x01E114	4	4	1.00
Roofs	0x01C03C	0x01E130	156	159	0.98
Music_Credits_Ch1	0x01F328	0x089D61	80	100	0.80
Music_Credits_Ch2	0x01F58D	0x089FC6	74	86	0.86
Music_Credits_Ch3	0x01F772	0x08A1AB	72	88	0.82
Music_Credits_Ch4	0x01F973	0x08A3AC	37	52	0.71
Music_MobileAdapter_Ch1	0x01FC93	0x11BD18	27	33	0.82
Music_MobileAdapter_Ch2	0x01FD63	0x11BDE7	30	39	0.77
Music_MobileAdapter_Ch4	0x01FF2C	0x0045D3	36	47	0.77
TilesetTrainStationGFX	0x022FF1	0x1CCAEA	106	191	0.55
NoEggMoves	0x023F50	0x004612	43	43	1.00
Place2DMenuItemStrings	0x0240DB	0x060060	8	8	1.00
Init2DMenuCursorPosition	0x02411A	0x0600A0	17	17	1.00
Place2DMenuCursor	0x024329	0x00441D	5	9	0.56
_PushWindow	0x024374	0x0602A6	9	17	0.53
_InitVerticalMenuCursor	0x02446D	0x06034A	11	11	1.00
ScrollingMenu_InitDisplay	0x0245F1	0x02412A	2	2	1.00
InitScrollingMenuCursor	0x02471A	0x024225	7	8	0.88
ScrollingMenu_InitFlags	0x024764	0x024272	10	13	0.77
ScrollingMenu_CheckCallFunction3	0x0248B8	0x024400	1	2	0.50
SwitchItemsInBag	0x02490C	0x024456	23	39	0.59
DisplayMoneyAndCoinBalance	0x024B4E	0x024A97	2	3	0.67
MonMenuOptions	0x024CD9	0x0245EE	5	10	0.50
MonMenuLoop	0x024D59	0x024664	3	5	0.60
PopulateMonMenu	0x024D91	0x02469A	3	3	1.00
BuySell_MultiplyPrice	0x0250A9	0x024908	1	2	0.50
TrainerCard_Page2_3_PlaceLeadersFaces	0x0253F4	0x024E28	4	6	0.67
FindOwnedOrnaments	0x026925	0x0D7DAD	2	4	0.50
LevelUpHappinessMod	0x02709E	0x03EA1E	2	3	0.67
Kurt_SelectQuantity_InterpretJoypad	0x027A28	0x0DB7B9	371	372	1.00
Gen2ToGen1LinkComms	0x02805D	0x028058	20	32	0.62
ExchangeBytes	0x0283F2	0x02832C	5	5	1.00
FixDataForLinkTransfer	0x028434	0x02836A	14	14	1.00
Link_ConvertPartyStruct1to2	0x02868A	0x028515	21	35	0.60
Link_CopyRandomNumbers	0x0287AB	0x02860F	3	3	1.00
LinkTrade_OTPartyMenu	0x028803	0x02866A	4	4	1.00
LinkTrade_PlayerPartyMenu	0x02888B	0x0286F4	4	5	0.80
LinkTradePartymonMenuLoop	0x0288C5	0x028728	7	10	0.70
LinkTradePartymonMenuCheckCancel	0x028ADE	0x028986	5	6	0.83
TradeAnimation	0x028F24	0x028CC6	8	8	1.00
TradeAnimationPlayer2	0x028F63	0x028CC6	8	8	1.00
RunTradeAnimScript	0x028FA1	0x028D43	13	23	0.57
TradeAnim_InitTubeAnim	0x02914E	0x028EC9	6	11	0.55
TradeAnim_PlaceTrademonStatsOnTubeAnim	0x0292F6	0x02904E	7	7	1.00
TradeAnim_DoGivemonScroll	0x0293B6	0x029108	2	2	1.00
TradeAnim_ScrollOutRight	0x0293EA	0x029139	2	2	1.00
TradeAnim_ScrollOutRight2	0x02940C	0x02915A	2	3	0.67
TradeAnim_ShowFrontpic	0x0294C3	0x0291F5	1	2	0.50
TrademonStats_PrintOTName	0x0295F6	0x029318	3	3	1.00
TradeAnim_DropBall	0x02962C	0x02934D	2	2	1.00
TradeAnim_AnimateTrademonInTube	0x029676	0x02938C	11	21	0.52
TradeAnim_TakeCareOfText	0x02975C	0x029453	1	2	0.50
LoadTradeBallAndCableGFX	0x02982B	0x029506	3	3	1.00
TradeGameBoyTilemap	0x0298C7	0x029553	9	9	1.00
TradeLinkTubeTilemap	0x0298F7	0x029583	8	8	1.00
TradeCableGFX	0x02993B	0x0295C7	6	6	1.00
TradeBubbleGFX	0x02995B	0x0295E6	12	12	1.00
TradeBallGFX	0x029ADB	0x02973D	18	18	1.00
TradePoofGFX	0x029B3B	0x02979D	38	38	1.00
CheckLinkTimeout_Receptionist	0x029D92	0x029AEB	2	3	0.67
CheckLinkTimeout_Gen2	0x029DBA	0x029AEB	5	9	0.56
Link_CheckCommunicationError	0x029E0C	0x029B60	7	11	0.64
Link_EnsureSync	0x029F17	0x029C1E	2	4	0.50
FindNest	0x02A01F	0x1C40A2	14	28	0.50
TryWildEncounter	0x02A0E7	0x1C4137	3	4	0.75
LookUpWildmonsForMapDE	0x02A288	0x1C4295	4	4	1.00
JumpRoamMons	0x02A394	0x1C4352	3	5	0.60
_BackUpMapIndices	0x02A3F6	0x1C4390	1	1	1.00
DudeBackpic	0x02BBAA	0x0DB686	198	257	0.77
ShowPlayerMonsRemaining	0x02C01C	0x02C01A	2	2	1.00
ShowOTTrainerMonsRemaining	0x02C03A	0x02C038	2	2	1.00
StageBallTilesData	0x02C059	0x02C057	9	9	1.00
LinkBattle_TrainerHuds	0x02C10D	0x02C0AA	4	4	1.00
LoadTrainerHudOAM	0x02C143	0x02C0DD	3	3	1.00
TMHMPocket	0x02C76F	0x02C702	3	6	0.50
TMHM_PocketLoop	0x02C8D3	0x02C7FE	3	6	0.50
FindFirstAliveMonAndStartBattle	0x02EE2F	0x02E9DE	3	6	0.50
ClearBattleRAM	0x02EF18	0x02E972	5	9	0.56
TilesetEliteFourRoomGFX	0x030000	0x1D0D56	146	261	0.56
MoveDisabled	0x03438D	0x035112	1	1	1.00
FindAliveEnemyMons	0x0349F4	0x037A92	4	8	0.50
BattleCommand_RaiseSub	0x035004	0x03794F	2	2	1.00
TypeBoostItems	0x035703	0x0362F5	5	5	1.00
BattleCommand_LockOn	0x035A53	0x034269	2	2	1.00
BattleCommand_HealBell	0x035CC9	0x036CE3	5	5	1.00
DoEnemyDamage	0x035D1C	0x035162	7	11	0.64
DoPlayerDamage	0x035D7E	0x0351C1	7	11	0.64
UpdateMoveData	0x035E40	0x0348E7	2	2	1.00
TryLowerStat	0x03641A	0x035909	3	6	0.50
BattleCommand_AllStatsUp	0x036500	0x014BEF	2	2	1.00
CalcPlayerStats	0x0365D7	0x008413	1	2	0.50
BattleCommand_Rampage	0x036751	0x0344A6	3	3	1.00
BattleCommand_HeldFlinch	0x036AC9	0x0344F6	2	4	0.50
BattleCommand_Mist	0x036C7E	0x03451D	1	1	1.00
BattleCommand_FocusEnergy	0x036C98	0x034537	1	1	1.00
BattleCommand_ConfuseTarget	0x036D1D	0x034A73	2	3	0.67
BattleCommand_Substitute	0x036E7C	0x037184	8	16	0.50
BattleCommand_ResetStats	0x03710E	0x03460B	3	4	0.75
CheckUserMove	0x037462	0x0278DE	2	3	0.67
BattleCommand_Defrost	0x037563	0x034B27	3	3	1.00
BattleCommand_CheckRollout	0x037718	0x036FC0	2	2	1.00
BattleCommand_RolloutPower	0x037734	0x036FDC	7	11	0.64
CheckOppositeGender	0x0377F5	0x0366E7	5	9	0.56
BattleCommand_CheckSafeguard	0x037972	0x0370B0	2	2	1.00
CheckAnyOtherAliveMons	0x037B01	0x0377B7	4	4	1.00
BattleCommand_ClearHazards	0x037B39	0x03473C	6	6	1.00
AnimateCurrentMoveEitherSide	0x037DE9	0x0377EF	2	2	1.00
AnimateCurrentMove	0x037E01	0x0377EF	2	2	1.00
PlayDamageAnim	0x037E19	0x037824	2	2	1.00
_CheckBattleScene	0x037ED5	0x08C54B	70	73	0.96
FullRestoreContinue	0x0383C6	0x03837F	3	3	1.00
EnemyPotionContinue	0x0383F8	0x0383B1	8	8	1.00
AI_TrySwitch	0x03844B	0x038401	3	4	0.75
AI_Setup	0x0385E0	0x03850E	6	10	0.60
AI_Offensive	0x0386A2	0x03862D	3	3	1.00
AI_Smart	0x0386BE	0x038649	5	7	0.71
AI_Smart_Selfdestruct	0x0388A6	0x038954	3	4	0.75
AI_Smart_EvasionUp	0x0388D4	0x03898B	13	13	1.00
AI_Smart_MirrorMove	0x03895B	0x038A12	2	4	0.50
AI_Smart_AccuracyDown	0x038985	0x038A39	13	13	1.00
AI_Smart_ResetStats	0x0389F5	0x038AA9	5	5	1.00
AI_Smart_TrapTarget	0x038A71	0x038B17	4	4	1.00
AI_Smart_RazorWind	0x038A9C	0x038B42	5	7	0.71
AI_Smart_Unused2B	0x038A9C	0x038B42	5	7	0.71
AI_Smart_Paralyze	0x038B26	0x038BF5	2	2	1.00
AI_Smart_SpeedDownHit	0x038B40	0x038C0F	3	3	1.00
AI_Smart_HyperBeam	0x038B63	0x038C32	3	3	1.00
AI_Smart_Spite	0x038CD5	0x038D25	8	9	0.89
AI_Smart_HealBell	0x038D1F	0x038D6C	4	8	0.50
AI_Smart_Disable	0x038DD1	0x038E11	2	4	0.50
AICheckLastPlayerMon	0x038E2E	0x038E6C	3	3	1.00
AI_Smart_Protect	0x038ED2	0x038F0E	8	8	1.00
AI_Smart_Foresight	0x038F1D	0x038F59	4	4	1.00
AI_Smart_Endure	0x038FAC	0x039011	3	5	0.60
AI_Smart_Rollout	0x038FEF	0x039054	5	5	1.00
AI_Smart_Earthquake	0x039044	0x0390A9	3	3	1.00
AI_Smart_Magnitude	0x039044	0x0390A9	3	3	1.00
AI_Smart_RapidSpin	0x039084	0x0390E7	2	2	1.00
AI_Smart_SunnyDay	0x0390F3	0x039155	2	2	1.00
AI_Smart_Gust	0x0391D5	0x0391A1	3	3	1.00
AI_Smart_Twister	0x0391D5	0x0391A1	3	3	1.00
AI_Smart_Solarbeam	0x03920B	0x0391D7	2	3	0.67
AICheckEnemyQuarterHP	0x039298	0x039256	2	4	0.50
AIHasMoveEffect	0x0392CA	0x039271	3	3	1.00
AIHasMoveInArray	0x0392E6	0x03928D	4	4	1.00
AI_Cautious	0x039418	0x0393AE	3	6	0.50
AI_Risky	0x0394A9	0x039494	6	11	0.55
GetOTName	0x039550	0x1D240D	3	3	1.00
TrainerClassAttributes	0x03959C	0x1D2455	69	97	0.71
MysticalmanGroup	0x03BA4C	0x0DB7A4	357	362	0.99
DoBattle	0x03C000	0x03DE06	17	23	0.74
HandleBetweenTurnEffects	0x03C1D6	0x03E2D5	6	9	0.67
HandleEncore	0x03C4DF	0x03E0A1	6	10	0.60
GetMovePriority	0x03C5C5	0x03F8C8	2	3	0.67
HandleMysteryberry	0x03C93C	0x03E1F6	15	28	0.54
SubtractHP	0x03CC45	0x03F344	5	5	1.00
RestoreHP	0x03CCEF	0x03F37E	8	8	1.00
UpdateHPBar	0x03CD3C	0x03F3CB	1	2	0.50
DoubleSwitch	0x03CDCA	0x03C079	4	4	1.00
IsAnyMonHoldingExpShare	0x03CEAA	0x03EC3A	10	10	1.00
FaintEnemyPokemon	0x03CF14	0x03C0C1	1	1	1.00
HandleEnemySwitch	0x03CF4A	0x03C10F	2	4	0.50
EnemyPartyMonEntrance	0x03CF78	0x03C13E	3	4	0.75
HandlePlayerMonFaint	0x03D14E	0x03C19F	6	9	0.67
ForcePlayerMonChoice	0x03D227	0x03C25E	7	12	0.58
PlayerPartyMonEntrance	0x03D2B3	0x03C2A2	2	2	1.00
SlideBattlePicOut	0x03D490	0x03C31A	7	7	1.00
ForceEnemySwitch	0x03D4C3	0x03D788	1	2	0.50
ResetEnemyBattleVars	0x03D557	0x03C34D	2	2	1.00
OfferSwitch	0x03D74B	0x03D8DD	6	8	0.75
ClearEnemyMonBox	0x03D7A0	0x03C389	1	1	1.00
NewEnemyMonStatus	0x03D834	0x03C3FD	4	4	1.00
CheckIfCurPartyMonIsFitToFight	0x03D887	0x03F458	4	4	1.00
GetEnemyMonDVs	0x03DA97	0x03F4FB	1	1	1.00
SwitchPlayerMon	0x03DB32	0x03C558	3	3	1.00
NewBattleMonStatus	0x03DBDE	0x03C602	5	5	1.00
UseConfusionHealingItem	0x03DE51	0x03C796	6	8	0.75
UpdateBattleHUDs	0x03DF2C	0x03C7DC	2	2	1.00
BattleMonEntrance	0x03E40B	0x03C9C2	3	6	0.50
PassedBattleMonEntrance	0x03E459	0x03C9D5	3	3	1.00
BattleMenu_Run	0x03E489	0x03D125	1	2	0.50
MoveSelectionScreen	0x03E4BC	0x03D4E3	37	62	0.60
CheckPlayerHasUsableMoves	0x03E786	0x03CA9D	8	8	1.00
LoadHPExpBarGFX	0x03EDAD	0x1C3F59	2	2	1.00
_BattleRandom	0x03EDD8	0x03EF1B	7	8	0.88
CleanUpBattleRAM	0x03F6D0	0x03ECBD	5	6	0.83
BattleCommandPointers	0x03FD28	0x0DB661	93	170	0.55
Pokedex	0x040000	0x040000	6	11	0.55
Pokedex_GetLandmark	0x0400ED	0x0400D1	2	2	1.00
Pokedex_InitSearchScreen	0x040443	0x040330	2	4	0.50
Pokedex_UpdateSearchResultsScreen	0x040562	0x040440	5	9	0.56
Pokedex_ListingHandleDPadInput	0x0406C5	0x0404F2	2	4	0.50
Pokedex_DrawMainScreenBG	0x04074C	0x040575	11	12	0.92
Pokedex_PlaceFrontpicAtHL	0x040AB5	0x04079F	3	3	1.00
Pokedex_PlaceBorder	0x040AD5	0x0407BF	8	8	1.00
Pokedex_PrintListing	0x040B0F	0x0407EE	6	11	0.55
Pokedex_PlaceSearchScreenTypeStrings	0x040FA8	0x040A5D	2	2	1.00
Pokedex_SearchForMons	0x041086	0x040B3A	7	14	0.50
Pokedex_LoadCursorOAM	0x0412F1	0x0E2B18	4	4	1.00
Pokedex_PutScrollbarOAM	0x04130E	0x040BF8	7	9	0.78
UpdateSpeciesNameIfNotNicknamed	0x042414	0x041C3D	3	6	0.50
FillMoves	0x0424E1	0x041CED	19	21	0.90
CelebiEvosAttacks	0x043C48	0x0DB7A7	231	235	0.98
AIChooseMove	0x0440CE	0x037FFE	18	32	0.56
AnimateDexSearchSlowpoke	0x0441CF	0x00B944	5	7	0.71
DoDexSearchSlowpokeFrame	0x044207	0x00B97B	12	12	1.00
GetDexEntryPointer	0x044333	0x00BADA	4	5	0.80
Function48cdc	0x048CDC	0x0042EC	5	5	1.00
Function48cfd	0x048CFD	0x002EB4	3	5	0.60
LoadGenderScreenLightBlueTile	0x048E64	0x00452F	2	4	0.50
PackFGFX	0x048E9B	0x0A0A4C	222	222	1.00
MG_Mobile_Layout_LoadPals	0x049351	0x0118BC	1	1	1.00
BattleTowerInsidePalette	0x049550	0x0096BB	12	13	0.92
HousePalette	0x0495EE	0x0096BB	7	13	0.54
MansionPalette1	0x04967D	0x0096BB	9	15	0.60
_InitMG_Mobile_LinkTradePalMap	0x049797	0x0D7DCB	10	11	0.91
TradeRoomPalette	0x049826	0x0D7EC3	10	10	1.00
LoadCelebiGFX	0x049912	0x02950F	1	2	0.50
SpecialCelebiLeafGFX	0x049962	0x143975	12	12	1.00
CelebiEvent_Cosine	0x049B3B	0x10CBB0	18	21	0.86
SearchBoxAddressTable	0x04A810	0x02646F	8	8	1.00
AskRememberPassword	0x04AE12	0x0023F4	5	8	0.62
CollisionPermissionTable	0x04CE1F	0x0D8000	55	55	1.00
LinkTextbox2	0x04D35B	0x04C30B	13	13	1.00
_CheckPokerus	0x04D860	0x04DEDF	3	3	1.00
SetEggMonCaughtData	0x04DBB8	0x04C728	1	1	1.00
StatsScreen_InitUpperHalf	0x04DEEA	0x04CA54	8	16	0.50
EggStatsScreen	0x04E33A	0x04D175	7	11	0.64
StatsScreen_LoadPageIndicators	0x04E4CD	0x04D2BE	4	6	0.67
InitDisplayForHallOfFame	0x04E881	0x04D70E	4	5	0.80
InitDisplayForRedCredits	0x04E8C2	0x04D768	5	6	0.83
SelectMonFromParty	0x050000	0x03C9EC	1	1	1.00
PlacePartyNicknames	0x05009B	0x05027A	5	7	0.71
PlacePartymonHPBar	0x050117	0x0502F0	3	4	0.75
PlacePartyMenuHPDigits	0x050138	0x05030D	4	8	0.50
PlacePartyMonGender	0x0502B1	0x0504B7	7	13	0.54
PartyMenuQualityPointers	0x0503B2	0x050593	4	7	0.57
InitPartyMenuWithCancel	0x050405	0x0505E1	3	4	0.75
InitPartyMenuNoCancel	0x05042D	0x050604	2	3	0.67
PlacePartyMenuText	0x05049A	0x050666	5	5	1.00
CheckAnyFaintedMon	0x0507FB	0x1001F5	5	5	1.00
ListMovePP	0x050C50	0x05099A	13	21	0.62
PlaceNonFaintStatus	0x050D2E	0x050A3B	4	4	1.00
ListMoves	0x050D6F	0x050A7C	5	10	0.50
CalcLevel	0x050E1B	0x0CC007	4	5	0.80
GrowthRates	0x050EFA	0x0CC105	4	4	1.00
FixPicBank	0x0511C5	0x01EE2E	4	7	0.57
PadFrontpic	0x0512AB	0x02F0E1	5	8	0.62
InsertPokemonIntoBox	0x051322	0x0CC1C5	5	8	0.62
InsertPokemonIntoParty	0x05138B	0x0CC1CA	4	5	0.80
UnusedEggPic	0x053D9C	0x0DB72D	115	142	0.81
Route36NationalParkGate_MapEvents	0x06B9AC	0x0DB702	356	397	0.90
DebugColor_InitVRAM	0x081948	0x0056AD	2	4	0.50
DebugColor_LoadPalettes_White_Col1_Col2_Black	0x081EE3	0x0CC7B7	2	4	0.50
Print_InitPrinterHandshake	0x084077	0x00A339	2	2	1.00
Printer_StartTransmittingTilemap	0x084099	0x00A35B	3	3	1.00
Printer_EndTilemapTransmission	0x0840C5	0x00A387	1	1	1.00
Printer_SignalSendHeader	0x0840DE	0x00AD69	1	2	0.50
Printer_SignalLoopBack	0x084103	0x00A339	1	1	1.00
Printer_CopyPacket	0x0841E2	0x015384	1	2	0.50
CheckCancelPrint	0x0846F6	0x00A7F1	3	5	0.60
Printer_PlaceEmptyBoxSlotString	0x084A0E	0x00AA61	4	4	1.00
AnimObjRocksGFX	0x084F1E	0x0DA4FD	34	52	0.65
AnimObjPlantGFX	0x08507E	0x0DA641	25	43	0.58
AnimObjReflectGFX	0x08530E	0x0DA84F	12	23	0.52
AnimObjWebGFX	0x08583E	0x0DAD15	21	24	0.88
AnimObjHornGFX	0x08594E	0x0DAE00	13	16	0.81
AnimObjGlobeGFX	0x085D0E	0x0DB167	25	46	0.54
ShowPlayerNamingChoices	0x088297	0x0F0AB2	1	2	0.50
GetCardPic	0x08833E	0x028DAC	1	2	0.50
ChrisPic	0x0888A9	0x15E6A0	92	173	0.53
KrisPic	0x088BB9	0x15C928	102	178	0.57
Function893b3	0x0893B3	0x014BEF	1	1	1.00
EZChatCursorGFX	0x08940B	0x011A91	6	7	0.86
Function8942b	0x08942B	0x0118BC	1	1	1.00
Function89464	0x089464	0x028DB6	1	1	1.00
Function899d3	0x0899D3	0x0025D6	2	2	1.00
Function89e6f	0x089E6F	0x024CC8	1	2	0.50
Function8a5b6	0x08A5B6	0x024A61	2	3	0.67
Function8b677	0x08B677	0x014BEF	1	1	1.00
Function8b690	0x08B690	0x028DB6	2	3	0.67
Unknown_8ba1f	0x08BA1F	0x0DB7B9	373	374	1.00
_TimeOfDayPals	0x08C011	0x00529A	6	12	0.50
FillWhiteBGColor	0x08C0C1	0x005312	4	5	0.80
BattleTransitionTiles	0x08C2F4	0x08C0DE	6	6	1.00
StartTrainerBattle_DetermineWhichAnimation	0x08C365	0x08C163	2	4	0.50
StartTrainerBattle_SineWave	0x08C408	0x08C1D9	4	7	0.57
StartTrainerBattle_SpeckleToBlack	0x08C58F	0x08C344	5	9	0.56
PokeBallTransition	0x08C6B8	0x08CB1A	5	5	1.00
WipeLYOverrides	0x08C6D8	0x08CB38	2	3	0.67
StartTrainerBattle_DrawSineWave	0x08C6F7	0x10CBB2	18	21	0.86
StartTrainerBattle_ZoomToBlack	0x08C768	0x08CC54	9	14	0.64
HeadbuttTreeGFX	0x08C893	0x143845	24	24	1.00
CutGrassGFX	0x08C9CC	0x143975	12	12	1.00
Cut_SpawnAnimateTree	0x08CA23	0x1439C0	2	2	1.00
Cut_SpawnAnimateLeaves	0x08CA3C	0x1439D9	2	2	1.00
Cut_GetLeafSpawnCoords	0x08CA8E	0x143A26	9	11	0.82
Cut_Headbutt_GetPixelFacing	0x08CAD3	0x143A6A	2	3	0.67
MagnetTrain_UpdateLYOverrides	0x08CC99	0x012DDA	5	5	1.00
DrawMagnetTrain	0x08CD27	0x012E5B	6	8	0.75
MagnetTrainBGTiles	0x08CD82	0x012EB2	5	5	1.00
MagnetTrain_InitLYOverrides	0x08CDA6	0x012ED6	1	1	1.00
SetMagnetTrainPals	0x08CDC3	0x012EF2	2	4	0.50
MagnetTrainTilemap	0x08CEFF	0x012FEE	16	16	1.00
_InitSpriteAnimStruct	0x08CFD6	0x08E453	13	16	0.81
UpdateAnimFrame	0x08D04C	0x08E4C7	10	16	0.62
InitSpriteAnimBuffer	0x08D0EC	0x08E563	2	2	1.00
GetSpriteAnimFrame	0x08D132	0x08E5AC	16	16	1.00
SpriteAnimFunc_PartyMonSelected	0x08D2EA	0x08E7D1	2	2	1.00
SpriteAnimFunc_GSGameFreakLogoStar	0x08D381	0x08E854	8	9	0.89
SpriteAnimFunc_GSGameFreakLogoSparkle	0x08D3C3	0x08E85B	12	14	0.86
SpriteAnimFunc_TradePokeBall	0x08D483	0x08E938	13	22	0.59
SpriteAnimFunc_RevealNewMon	0x08D54A	0x08E9F4	3	6	0.50
SpriteAnimFunc_CutLeaves	0x08D57F	0x08EA1E	7	7	1.00
SpriteAnimFunc_FlyFrom	0x08D5B0	0x08EA4F	7	7	1.00
SpriteAnimFunc_FlyLeaf	0x08D5E2	0x08EA82	2	4	0.50
SpriteAnimFunc_FlyTo	0x08D607	0x08EAA3	5	5	1.00
SpriteAnimFunc_IntroUnown	0x08D680	0x08EB27	4	4	1.00
SpriteAnimFrameData	0x08D6E6	0x08EB95	72	118	0.61
Sprites_Sine	0x08E72C	0x10CBB2	18	21	0.86
GetIconGFX	0x08E9DE	0x08FEA1	1	1	1.00
HeldItemIcons	0x08E9F7	0x08FEBA	6	6	1.00
UnfreezeMonIcons	0x08EA71	0x08FF1B	3	3	1.00
BigmonIcon	0x08FE8D	0x08C4DA	59	84	0.70
Phone_CallEnd	0x0902F1	0x014BEF	2	2	1.00
TownMap_GetCurrentLandmark	0x090D56	0x1C4067	1	2	0.50
PokegearMap_InitCursor	0x091098	0x08CD10	2	2	1.00
SlotsAction_BetAndStart	0x09288E	0x0B0138	2	4	0.50
SlotsAction_WaitStopReel3	0x09293A	0x0B01D2	1	2	0.50
Slots_GetCurrentReelState	0x092A12	0x0B029C	3	3	1.00
Slots_StopReel2	0x092A2E	0x0B02B7	3	5	0.60
Slots_StopReel3	0x092A60	0x0B02E9	6	6	1.00
Slots_InitReelTiles	0x092A98	0x0B0321	12	14	0.86
Slots_SpinReels	0x092B0F	0x0B038D	5	9	0.56
Slots_UpdateReelPositionAndOAM	0x092B53	0x0B03CF	11	15	0.73
ReelAction_WaitReel2SkipTo7	0x092CF8	0x0B0535	3	3	1.00
ReelAction_InitGolem	0x092D20	0x0B055C	5	5	1.00
ReelAction_InitChansey	0x092D7E	0x0B05B5	3	3	1.00
ReelAction_Unused	0x092DF7	0x0B062D	2	2	1.00
ReelAction_StartSlowAdvanceReel3	0x092E47	0x0B067C	2	2	1.00
Slots_InitBias	0x093002	0x0B07FC	6	8	0.75
Slots_AnimateChansey	0x0932AC	0x0B0A5B	7	14	0.50
SlotsTilemap	0x09335D	0x0B0B0C	41	41	1.00
DoPlayerEvent	0x096BEB	0x09561F	2	4	0.50
Script_moveobject	0x097341	0x095FCC	1	2	0.50
ScriptCall	0x0974CB	0x0961B9	3	4	0.75
Script_sdefer	0x0975AA	0x096290	1	1	1.00
Script_takeitem	0x0977F0	0x096469	1	2	0.50
Script_givepoke	0x097932	0x096548	3	5	0.60
ExitScriptSubroutine	0x097B9A	0x09676A	5	5	1.00
HandleCmdQueue	0x097E08	0x095710	3	3	1.00
WriteCmdQueue	0x097E31	0x09572D	6	6	1.00
CmdQueue_StoneTable	0x097F42	0x004603	31	40	0.78
Route2NuggetHouse_MapEvents	0x09B933	0x07DB47	2	4	0.50
VictoryRoadGate_MapEvents	0x09BB9B	0x0DB761	256	273	0.94
ManiasHouse_MapEvents	0x09D5F0	0x07DB47	2	4	0.50
BattleTowerOutside_MapEvents	0x09FB5F	0x0DB76C	274	291	0.94
OlivineLighthouse6F_Blocks	0x0AFF00	0x00891E	40	58	0.69
BetaBlank_Blocks	0x0B1AFA	0x00A011	9	9	1.00
TilesetTraditionalHouseColl	0x0B7DA8	0x15D410	90	149	0.60
InitMapSignAttrmap	0x0B8115	0x0042F3	3	3	1.00
SelectTreeMon	0x0B841F	0x050F61	3	3	1.00
GetTreeScore	0x0B8443	0x050F85	9	13	0.69
UnusedGuySpriteGFX	0x0C5940	0x0088B8	46	81	0.57
CaptainSpriteGFX	0x0C6280	0x08C49A	47	83	0.57
N64SpriteGFX	0x0C7140	0x0C5E95	5	10	0.50
PokeBallSpriteGFX	0x0C7380	0x0DB9A3	81	92	0.88
PokedexSpriteGFX	0x0C7500	0x08C51C	79	93	0.85
PaperSpriteGFX	0x0C7680	0x08C51A	79	91	0.87
RockSpriteGFX	0x0C7880	0x0C60CE	11	12	0.92
BoulderSpriteGFX	0x0C78C0	0x0C6111	7	12	0.58
ExecuteBGEffects	0x0C8000	0x0980A1	3	3	1.00
QueueBGEffect	0x0C801A	0x0980BB	5	5	1.00
BattleBGEffect_FlashContinue	0x0C80FB	0x09817D	3	6	0.50
BattleBGEffect_RemoveMon	0x0C82F5	0x098330	10	20	0.50
BattleBGEffect_ReturnMon	0x0C83A8	0x0983D9	7	10	0.70
BattleBGEffect_RunPicResizeScript	0x0C83ED	0x0984A4	42	59	0.71
BattleBGEffect_Surf	0x0C8545	0x0985E9	7	12	0.58
BattleBGEffect_AcidArmor	0x0C8709	0x09877C	7	12	0.58
BattleBGEffect_Withdraw	0x0C8761	0x0987CF	7	9	0.78
BattleBGEffect_Dig	0x0C87A7	0x098811	9	13	0.69
Tackle_MoveForward	0x0C8869	0x0988AC	3	3	1.00
Rollout_FillLYOverridesBackup	0x0C88A5	0x0988E5	6	9	0.67
BattleBGEffect_WobbleMon	0x0C892A	0x09893F	4	7	0.57
BattleBGEffect_Flail	0x0C8964	0x098975	7	11	0.64
BattleBGEffect_BounceDown	0x0C89EE	0x0989F3	7	9	0.78
BattleBGEffect_FadeMonToWhiteWaitFadeBack	0x0C8C3C	0x098C9E	3	4	0.75
BattleBGEffect_Rollout	0x0C8CE1	0x098BCA	1	2	0.50
BattleBGEffects_GetShakeAmount	0x0C8D0B	0x098BF3	5	7	0.71
BattleBGEffect_GetNextDMGPal	0x0C8EB2	0x098D8A	3	3	1.00
DeformScreen	0x0C8F2E	0x098E03	6	6	1.00
InitSurfWaves	0x0C8F69	0x098E03	5	5	1.00
DeformWater	0x0C8F9A	0x098E72	6	11	0.55
BattleBGEffect_WavyScreenFX	0x0C8FEF	0x098EBC	4	4	1.00
BattleAnim_SendOutMon	0x0C93D1	0x0C8312	15	30	0.50
BattleAnim_Sap	0x0C94DA	0x0C842F	5	5	1.00
BattleAnim_InSandstorm	0x0C9533	0x0CA6D6	2	3	0.67
BattleAnim_InWhirlpool	0x0C955C	0x0C8494	2	3	0.67
BattleAnim_KarateChop	0x0C95D5	0x0C850C	5	5	1.00
BattleAnim_MegaPunch	0x0C9651	0x0C85F0	4	5	0.80
BattleAnim_Stomp	0x0C9677	0x0C8616	6	6	1.00
BattleAnim_HiJumpKick	0x0C96FC	0x0C867E	5	7	0.71
BattleAnim_Ember	0x0C97A1	0x0C8831	10	10	1.00
BattleAnim_FireSpin	0x0C97E5	0x0C8875	7	8	0.88
BattleAnim_Flamethrower	0x0C9822	0x0C8904	12	13	0.92
BattleAnim_FireBlast	0x0C9861	0x0C8943	8	13	0.62
BattleAnim_IceBeam	0x0C98BD	0x0C899F	4	7	0.57
BattleAnim_Blizzard	0x0C98E8	0x0C89CA	6	8	0.75
BattleAnim_Bubble	0x0C991E	0x0C8A00	4	4	1.00
BattleAnim_WaterGun	0x0C9979	0x0C8A5B	5	8	0.62
BattleAnim_HydroPump	0x0C99B4	0x0C8A96	17	20	0.85
BattleAnim_Surf	0x0C9A2A	0x0C8B0C	2	3	0.67
BattleAnim_VineWhip	0x0C9A42	0x0C8B24	4	4	1.00
BattleAnim_LeechSeed	0x0C9A5A	0x0C8B3C	5	5	1.00
BattleAnim_RazorLeaf	0x0C9A7C	0x0C8BBF	19	19	1.00
BattleAnim_Solarbeam	0x0C9AF2	0x0C8C35	10	11	0.91
BattleAnim_Thunderbolt	0x0C9B66	0x0C8CA9	4	4	1.00
BattleAnim_Thunder	0x0C9B9A	0x0C8CDD	6	6	1.00
BattleAnim_RazorWind	0x0C9BBD	0x0C8CFC	10	12	0.83
BattleAnim_RockThrow	0x0C9C9D	0x0C8DCD	8	8	1.00
BattleAnim_RockSlide	0x0C9CD2	0x0C8E02	8	9	0.89
BattleAnim_Sing	0x0C9D0C	0x0C8E3C	5	6	0.83
BattleAnim_Poisonpowder	0x0C9D35	0x0C8E65	8	9	0.89
BattleAnim_SleepPowder	0x0C9D35	0x0C8E65	8	9	0.89
BattleAnim_Spore	0x0C9D35	0x0C8E65	8	9	0.89
BattleAnim_StunSpore	0x0C9D35	0x0C8E65	8	9	0.89
BattleAnim_Bite	0x0C9E2E	0x0C902E	3	3	1.00
BattleAnim_Fly	0x0C9E6F	0x0C906F	3	6	0.50
BattleAnim_Recover	0x0C9EAF	0x0C90AF	9	11	0.82
BattleAnim_Absorb	0x0C9EEB	0x0C90EB	6	7	0.86
BattleAnim_Softboiled	0x0C9F85	0x0C91C3	5	7	0.71
BattleAnim_FocusEnergy	0x0C9FB5	0x0C91F3	9	11	0.82
BattleAnim_Bind	0x0CA014	0x0C925C	4	4	1.00
BattleAnim_Wrap	0x0CA036	0x0C925C	4	4	1.00
BattleAnim_ConfuseRay	0x0CA11B	0x0C93AB	14	14	1.00
BattleAnim_Reflect	0x0CA16A	0x0C93FA	6	6	1.00
BattleAnim_LightScreen	0x0CA18E	0x0C941E	14	14	1.00
BattleAnim_Amnesia	0x0CA1D5	0x0C9465	4	4	1.00
BattleAnim_DizzyPunch	0x0CA1ED	0x0C947D	6	6	1.00
BattleAnim_StringShot	0x0CA293	0x0C9523	10	10	1.00
BattleAnim_Tackle	0x0CA2EF	0x0C957F	1	2	0.50
BattleAnim_BodySlam	0x0CA307	0x0C9597	3	5	0.60
BattleAnim_TakeDown	0x0CA331	0x0C95C1	3	5	0.60
BattleAnim_DoubleEdge	0x0CA35C	0x0C95EC	3	5	0.60
BattleAnim_PinMissile	0x0CA4E7	0x0C9842	6	7	0.86
BattleAnim_Swift	0x0CA60C	0x0C9B28	4	4	1.00
BattleAnim_DrillPeck	0x0CA6A0	0x0C9B89	6	7	0.86
BattleAnim_Flash	0x0CA700	0x0C9BD9	10	10	1.00
BattleAnim_Substitute	0x0CA73C	0x0C9C15	8	11	0.73
BattleAnim_Psybeam	0x0CA829	0x0C9CE4	4	4	1.00
BattleAnim_Growth	0x0CA8D5	0x0C9D45	7	7	1.00
BattleAnim_Conversion2	0x0CA909	0x0C9D79	8	8	1.00
BattleAnim_Smokescreen	0x0CA939	0x0C9DA9	5	6	0.83
BattleAnim_Strength	0x0CA960	0x0C9E28	3	3	1.00
BattleAnim_SwordsDance	0x0CA97E	0x0C9E46	5	5	1.00
BattleAnim_QuickAttack	0x0CA99E	0x0C9E66	8	8	1.00
BattleAnim_SeismicToss	0x0CAA27	0x0C9F0D	3	3	1.00
BattleAnim_Agility	0x0CAA74	0x0C9291	5	9	0.56
BattleAnim_Barrier	0x0CAAC5	0x0C9FDF	4	4	1.00
BattleAnim_Waterfall	0x0CAAE1	0x0C9FFB	5	7	0.71
BattleAnim_PsychicM	0x0CAB1D	0x0CA037	3	5	0.60
BattleAnim_Counter	0x0CAB69	0x0CA083	9	10	0.90
BattleAnim_WingAttack	0x0CABE6	0x0CA0C4	5	5	1.00
BattleAnim_Disable	0x0CAC24	0x0CA0F1	4	4	1.00
BattleAnim_MindReader	0x0CACFB	0x0CA186	4	5	0.80
BattleAnim_FlameWheel	0x0CAD30	0x0CA1A6	6	9	0.67
BattleAnim_Curse	0x0CAD86	0x0CA1E1	13	18	0.72
BattleAnim_Flail	0x0CADF1	0x0CA24C	2	4	0.50
BattleAnim_Conversion	0x0CAE17	0x0CA272	7	7	1.00
BattleAnim_Aeroblast	0x0CAE4B	0x0CA2A6	10	10	1.00
BattleAnim_Reversal	0x0CAE97	0x0CA2F2	11	11	1.00
BattleAnim_PowderSnow	0x0CAEE2	0x0CA33D	6	8	0.75
BattleAnim_Protect	0x0CAF0E	0x0CA369	7	7	1.00
BattleAnim_MachPunch	0x0CAF33	0x0CA38E	9	9	1.00
BattleAnim_FaintAttack	0x0CAF84	0x0CA3DF	4	7	0.57
BattleAnim_SweetKiss	0x0CAFB4	0x0CA40F	3	3	1.00
BattleAnim_Spikes	0x0CB092	0x0CA4F2	3	3	1.00
BattleAnim_ZapCannon	0x0CB0B0	0x0CA510	4	4	1.00
BattleAnim_Foresight	0x0CB0D0	0x0CA530	3	5	0.60
BattleAnim_DestinyBond	0x0CB0F0	0x0CA550	3	6	0.50
BattleAnim_PerishSong	0x0CB113	0x0CA573	10	10	1.00
BattleAnim_IcyWind	0x0CB14C	0x0CA5AC	6	8	0.75
BattleAnim_Outrage	0x0CB1DC	0x0CA688	4	8	0.50
BattleAnim_Sandstorm	0x0CB210	0x0CA6D6	2	4	0.50
BattleAnim_GigaDrain	0x0CB22D	0x0CA715	7	12	0.58
BattleAnim_Endure	0x0CB274	0x0C8563	9	11	0.82
BattleAnim_Charm	0x0CB2BB	0x0CA7A3	2	4	0.50
BattleAnim_Spark	0x0CB34D	0x0CA85B	6	8	0.75
BattleAnim_SteelWing	0x0CB3A1	0x0CA8AF	4	7	0.57
BattleAnim_MeanLook	0x0CB3DF	0x0CA8ED	7	7	1.00
BattleAnim_HealBell	0x0CB428	0x0CA936	9	10	0.90
BattleAnim_Return	0x0CB464	0x0CA972	3	5	0.60
BattleAnim_Frustration	0x0CB4C1	0x0CA996	5	7	0.71
BattleAnim_Safeguard	0x0CB4F9	0x0CA9CE	7	7	1.00
BattleAnim_PainSplit	0x0CB51E	0x0CA9F3	2	3	0.67
BattleAnim_SacredFire	0x0CB53D	0x0CAA12	7	10	0.70
BattleAnim_Magnitude	0x0CB57D	0x0CAA52	6	7	0.86
BattleAnim_Megahorn	0x0CB5C0	0x0CAA95	4	4	1.00
BattleAnim_Encore	0x0CB5FE	0x0CAAD3	5	5	1.00
BattleAnim_Pursuit	0x0CB61B	0x0CAAF0	8	11	0.73
BattleAnim_RapidSpin	0x0CB65E	0x0CAB33	4	7	0.57
BattleAnim_MetalClaw	0x0CB6DC	0x0CABB1	3	6	0.50
BattleAnim_Crunch	0x0CB77E	0x0CAC37	6	6	1.00
BattleAnim_Moonlight	0x0CB7A8	0x0CAC61	7	9	0.78
BattleAnim_HiddenPower	0x0CB7DB	0x0CAC8F	12	16	0.75
BattleAnim_CrossChop	0x0CB83A	0x0CACEE	4	4	1.00
BattleAnim_RainDance	0x0CB8B3	0x0CAD5C	4	4	1.00
BattleAnim_SunnyDay	0x0CB8CF	0x0CAD78	4	4	1.00
BattleAnim_Extremespeed	0x0CB940	0x0CAEC4	8	8	1.00
BattleAnim_Ancientpower	0x0CB97A	0x0CAEFD	13	13	1.00
BattleAnim_FutureSight	0x0CB9DB	0x0CAF5E	9	10	0.90
BattleAnim_RockSmash	0x0CBA1B	0x0CAF9E	14	14	1.00
BattleAnimSub_Drain	0x0CBAB3	0x0CB0B2	7	7	1.00
BattleAnimSub_EyeBeams	0x0CBADC	0x0CB0DB	11	11	1.00
BattleAnimSub_WarpAway	0x0CBB12	0x0CB111	8	8	1.00
BattleAnimSub_Beam	0x0CBB39	0x0CB138	7	7	1.00
BattleAnimSub_Explosion1	0x0CBB62	0x0CB161	7	7	1.00
BattleAnimSub_Explosion2	0x0CBB8F	0x0CB18E	8	8	1.00
BattleAnimSub_Ice	0x0CBBDF	0x0CB1DE	8	8	1.00
BattleAnimSub_Sludge	0x0CBC15	0x0CB214	4	5	0.80
BattleAnimSub_Glimmer2	0x0CBC80	0x0C85B1	6	7	0.86
TheEndGFX	0x0CBD2E	0x0DB7BF	119	170	0.70
BattleAnimRunScript	0x0CC11C	0x0CF5DF	4	7	0.57
BattleAnimClearHud	0x0CC1A1	0x011453	1	1	1.00
BattleAnimRequestPals	0x0CC1E2	0x0CF702	1	2	0.50
BattleAnimCmd_1GFX	0x0CC485	0x0CF90A	7	7	1.00
BattleAnimCmd_2GFX	0x0CC485	0x0CF90A	7	7	1.00
BattleAnimCmd_3GFX	0x0CC485	0x0CF90A	7	7	1.00
BattleAnimCmd_4GFX	0x0CC485	0x0CF90A	7	7	1.00
BattleAnimCmd_5GFX	0x0CC485	0x0CF90A	7	7	1.00
BattleAnimCmd_BattlerGFX_1Row	0x0CC52C	0x0CF971	8	10	0.80
BattleAnimCmd_BattlerGFX_2Row	0x0CC57E	0x0CF971	8	10	0.80
BattleAnim_SetBGPals	0x0CC91A	0x0CFC65	3	5	0.60
QueueBattleAnimation	0x0CC9A1	0x0CC78C	2	3	0.67
InitBattleAnimation	0x0CC9C4	0x0CC7A4	9	12	0.75
BattleAnimOAMUpdate	0x0CCA09	0x0CC7F0	16	23	0.70
BattleAnimObjects	0x0CCB56	0x0CC2B8	179	180	0.99
BattleAnimFunc_ThrowFromUserToTarget	0x0CD081	0x0CF583	4	4	1.00
BattleAnimFunc_MoveWaveToTarget	0x0CD0A6	0x0CF505	6	8	0.75
BattleAnimFunc_MoveInCircle	0x0CD0E3	0x0CD060	6	9	0.67
BattleAnimFunc_Drop	0x0CD2BE	0x0CD1EF	6	9	0.67
BattleAnimFunc_MoveFromUserToTargetSpinAround	0x0CD306	0x0CD231	16	23	0.70
BattleAnimFunc_Shake	0x0CD3AE	0x0CD2D2	5	9	0.56
BattleAnimFunc_FireBlast	0x0CD3F2	0x0CD310	10	20	0.50
BattleAnimFunc_RazorLeaf	0x0CD478	0x0CD392	21	32	0.66
BattleAnim_ScatterHorizontal	0x0CD557	0x0CD46C	5	5	1.00
BattleAnimFunc_RockSmash	0x0CD58A	0x0CD49F	8	13	0.62
BattleAnimFunc_Bubble	0x0CD5E9	0x0CD4FA	12	18	0.67
BattleAnimFunc_Surf	0x0CD66A	0x0CD57C	11	17	0.65
BattleAnimFunc_Sing	0x0CD6E3	0x0CD5F5	3	6	0.50
BattleAnimFunc_WaterGun	0x0CD71A	0x0CD629	9	11	0.82
BattleAnimFunc_Powder	0x0CD777	0x0CD682	4	6	0.67
BattleAnimFunc_Recover	0x0CD7A4	0x0CD6AF	7	14	0.50
BattleAnimFunc_Clamp_Encore	0x0CD824	0x0CD724	11	16	0.69
BattleAnimFunc_SolarBeam	0x0CD900	0x0CD7ED	7	11	0.64
BattleAnimFunc_Gust	0x0CD954	0x0CD835	18	26	0.69
BattleAnimFunc_Absorb	0x0CDA0A	0x0CD8E8	3	5	0.60
BattleAnim_StepThrownToTarget	0x0CDA8D	0x0CD965	10	10	1.00
BattleAnimFunc_Kick	0x0CDB06	0x0CD9D8	14	17	0.82
BattleAnimFunc_ConfuseRay	0x0CDD2A	0x0CDBC1	11	14	0.79
BattleAnimFunc_Dizzy	0x0CDD90	0x0CDC26	12	14	0.86
BattleAnimFunc_FloatUp	0x0CDE28	0x0CDCB9	5	5	1.00
BattleAnimFunc_SpiralDescent	0x0CDEDD	0x0CDD6A	7	8	0.88
BattleAnimFunc_PetalDance	0x0CDF1B	0x0CDD6A	7	8	0.88
BattleAnimFunc_PoisonGas	0x0CDF59	0x0CDDE1	3	6	0.50
BattleAnimFunc_SmokeFlameWheel	0x0CDF8C	0x0CDE10	7	8	0.88
BattleAnimFunc_SacredFire	0x0CDFCB	0x0CDE10	7	8	0.88
BattleAnimFunc_Needle	0x0CE0C5	0x0CDF37	5	9	0.56
BattleAnimFunc_ThiefPayday	0x0CE10E	0x0CDF7C	8	10	0.80
BattleAnimFunc_AbsorbCircle	0x0CE15C	0x0CDFCA	9	11	0.82
BattleAnimFunc_Conversion	0x0CE1B0	0x0CE01B	7	7	1.00
BattleAnimFunc_Bonemerang	0x0CE1E7	0x0CE051	6	7	0.86
BattleAnimFunc_GrowthSwordsDance	0x0CE2CC	0x0CE11A	6	6	1.00
BattleAnimFunc_StrengthSeismicToss	0x0CE2FD	0x0CE14B	8	13	0.62
BattleAnimFunc_SpeedLine	0x0CE35F	0x0CE1A8	3	5	0.60
BattleAnimFunc_Sludge	0x0CE389	0x0CE1D2	3	5	0.60
BattleAnimFunc_MetronomeHand	0x0CE3B4	0x0CE1FD	3	3	1.00
BattleAnimFunc_MetronomeSparkleSketch	0x0CE3D2	0x0CE218	3	5	0.60
BattleAnimFunc_SafeguardProtect	0x0CE416	0x0CE258	4	4	1.00
BattleAnimFunc_LockOnMindReader	0x0CE43A	0x0CE27C	11	13	0.85
BattleAnimFunc_BatonPass	0x0CE4DC	0x0CE31A	3	5	0.60
BattleAnimFunc_EncoreBellyDrum	0x0CE508	0x08EB23	3	5	0.60
BattleAnimFunc_SwaggerMorningSun	0x0CE532	0x0CE36C	5	5	1.00
BattleAnimFunc_PerishSong	0x0CE5B4	0x0CE3E5	5	5	1.00
BattleAnimFunc_RainSandstorm	0x0CE62F	0x0CE46D	9	13	0.69
BattleAnimFunc_AnimObjB0	0x0CE688	0x0CE4B2	6	6	1.00
BattleAnim_StepCircle	0x0CE6F1	0x0CCF73	2	2	1.00
BattleAnim_Sine	0x0CE734	0x10CBB2	3	6	0.50
BattleAnimSineWave	0x0CE77F	0x10CBE3	14	14	1.00
GetBattleAnimFrame	0x0CE7D1	0x0CE5DD	16	16	1.00
BattleAnimFrameData	0x0CE85E	0x0CC923	219	302	0.73
Music_PostCredits_Ch1	0x0CFDA5	0x08A4CD	17	18	0.94
Music_PostCredits_Ch2	0x0CFE48	0x08C49C	61	82	0.74
PokeAnims	0x0D0042	0x0A0018	10	16	0.62
PokeAnim_InitAnim	0x0D0228	0x0A01E1	3	4	0.75
PokeAnim_GetFrontpicDims	0x0D05B4	0x0A045F	1	2	0.50
VenonatAnimation	0x0D0B66	0x0D0551	4	4	1.00
RapidashAnimation	0x0D0D18	0x0D0753	4	4	1.00
ExeggcuteAnimation	0x0D0E5C	0x0D0905	3	3	1.00
MewtwoAnimation	0x0D1114	0x0D0C45	5	5	1.00
MewAnimation	0x0D1133	0x0D0C64	5	5	1.00
VenusaurBitmasks	0x0D2708	0x0D2057	7	7	1.00
BlastoiseBitmasks	0x0D2789	0x0D20D8	6	6	1.00
SpearowBitmasks	0x0D282C	0x0D21A6	4	4	1.00
FearowBitmasks	0x0D2844	0x0D21BE	5	5	1.00
NinetalesBitmasks	0x0D2981	0x0D2333	5	5	1.00
ArcanineBitmasks	0x0D2B04	0x0D2516	7	7	1.00
AlakazamBitmasks	0x0D2B87	0x0D259E	4	4	1.00
MachokeBitmasks	0x0D2BAF	0x0D25C6	5	5	1.00
MachampBitmasks	0x0D2BCB	0x0D25E2	9	9	1.00
VictreebelBitmasks	0x0D2C1F	0x0D2636	6	6	1.00
GravelerBitmasks	0x0D2C71	0x0D2688	4	4	1.00
PonytaBitmasks	0x0D2C9E	0x0D26B5	4	4	1.00
RapidashBitmasks	0x0D2CB7	0x0D26CE	4	4	1.00
MagnetonBitmasks	0x0D2D00	0x0D2717	7	7	1.00
GengarBitmasks	0x0D2E11	0x0D2817	3	3	1.00
OnixBitmasks	0x0D2E2F	0x0D2835	11	11	1.00
HitmonleeBitmasks	0x0D2F31	0x0D299A	4	4	1.00
HitmonchanBitmasks	0x0D2F4D	0x0D29B6	4	4	1.00
WeezingBitmasks	0x0D2F96	0x0D29EF	4	4	1.00
KangaskhanBitmasks	0x0D2FFA	0x0D2A53	5	5	1.00
SeakingBitmasks	0x0D304B	0x0D2AC4	4	4	1.00
ScytherBitmasks	0x0D30AD	0x0D2B19	2	4	0.50
DittoBitmasks	0x0D3163	0x0D2C06	4	4	1.00
ArticunoBitmasks	0x0D322F	0x0D2D18	4	4	1.00
MoltresBitmasks	0x0D3260	0x0D2D49	8	8	1.00
MewtwoBitmasks	0x0D32E2	0x0D2DC1	6	6	1.00
MeganiumBitmasks	0x0D3341	0x0D2E1C	5	5	1.00
FeraligatrBitmasks	0x0D33A9	0x0D2E84	4	4	1.00
CrobatBitmasks	0x0D3446	0x0D2F3A	7	7	1.00
TogeticBitmasks	0x0D34BD	0x0D2FDD	5	5	1.00
AmpharosBitmasks	0x0D3507	0x0D3027	6	6	1.00
AzumarillBitmasks	0x0D356B	0x0D3092	4	4	1.00
ScizorBitmasks	0x0D374A	0x0D3327	7	7	1.00
UrsaringBitmasks	0x0D37B3	0x0D33A4	4	4	1.00
SlugmaBitmasks	0x0D37CF	0x0D33C0	3	3	1.00
HoundoomBitmasks	0x0D389C	0x0D3481	4	4	1.00
DonphanBitmasks	0x0D38EE	0x0D34BE	4	4	1.00
HitmontopBitmasks	0x0D394F	0x0D3557	4	4	1.00
ElekidBitmasks	0x0D3973	0x0D3596	3	3	1.00
BlisseyBitmasks	0x0D39AF	0x0D35DF	5	5	1.00
TyranitarBitmasks	0x0D3A3C	0x0D3673	4	4	1.00
LugiaBitmasks	0x0D3A58	0x0D368F	10	11	0.91
HoOhBitmasks	0x0D3A97	0x0D36C7	5	5	1.00
UnownZBitmasks	0x0D3C23	0x0DB7B0	242	244	0.99
BulbasaurFrames	0x0D41F6	0x0D50FE	4	6	0.67
KantoFrames	0x0D41F6	0x0D50FE	4	6	0.67
IvysaurFrames	0x0D421E	0x0D5126	2	4	0.50
VenusaurFrames	0x0D423C	0x0D5144	12	16	0.75
CharmanderFrames	0x0D4289	0x0D5191	4	6	0.67
CharmeleonFrames	0x0D42AC	0x0D51B4	11	13	0.85
CharizardFrames	0x0D42F2	0x0D51FA	9	10	0.90
SquirtleFrames	0x0D432B	0x0D5233	5	8	0.62
WartortleFrames	0x0D435A	0x0D5262	4	6	0.67
BlastoiseFrames	0x0D437D	0x0D5285	18	20	0.90
CaterpieFrames	0x0D43DD	0x0D52E5	2	4	0.50
MetapodFrames	0x0D43FB	0x0D5303	3	5	0.60
ButterfreeFrames	0x0D441F	0x0D5327	6	7	0.86
PidgeyFrames	0x0D44B0	0x0D546C	3	5	0.60
PidgeottoFrames	0x0D44D2	0x0D548E	11	12	0.92
PidgeotFrames	0x0D4517	0x0D54D3	5	7	0.71
RaticateFrames	0x0D4580	0x0D70AC	3	6	0.50
SpearowFrames	0x0D45A7	0x0D55BC	6	9	0.67
FearowFrames	0x0D45DC	0x0D55F1	13	15	0.87
PikachuFrames	0x0D4698	0x0D5737	11	14	0.79
VulpixFrames	0x0D495B	0x0D5B34	7	9	0.78
NinetalesFrames	0x0D498D	0x0D5B66	21	24	0.88
JigglypuffFrames	0x0D49FC	0x0D5BD5	5	7	0.71
WigglytuffFrames	0x0D4A23	0x01F035	4	6	0.67
ZubatFrames	0x0D4A49	0x0D5C22	4	6	0.67
GolbatFrames	0x0D4A73	0x0D5C4C	11	13	0.85
ParasFrames	0x0D4B3B	0x0D5D4D	4	6	0.67
VenomothFrames	0x0D4BBC	0x0D5DC0	5	6	0.83
GrowlitheFrames	0x0D4DD0	0x0D625A	2	3	0.67
ArcanineFrames	0x0D4DE9	0x0D6273	13	17	0.76
PoliwrathFrames	0x0D4EB1	0x0D7589	3	5	0.60
AbraFrames	0x0D4ED4	0x0D63D1	3	4	0.75
KadabraFrames	0x0D4EF3	0x0D63F0	6	8	0.75
AlakazamFrames	0x0D4F27	0x0D6424	18	20	0.90
MachopFrames	0x0D4F89	0x0D6486	2	4	0.50
MachokeFrames	0x0D4FA4	0x0D64A1	8	11	0.73
MachampFrames	0x0D4FDF	0x0D64DC	26	29	0.90
BellsproutFrames	0x0D5069	0x0D6566	5	8	0.62
WeepinbellFrames	0x0D5098	0x0D6595	3	5	0.60
VictreebelFrames	0x0D50B9	0x0D65B6	9	11	0.82
TentacoolFrames	0x0D50F7	0x0D65F4	6	8	0.75
TentacruelFrames	0x0D5127	0x0D6624	3	5	0.60
GeodudeFrames	0x0D5148	0x0D6645	3	5	0.60
GravelerFrames	0x0D5164	0x0D6661	6	9	0.67
GolemFrames	0x0D519A	0x0D6697	7	9	0.78
PonytaFrames	0x0D51D1	0x0D66CE	3	6	0.50
RapidashFrames	0x0D51F8	0x0D66F5	10	12	0.83
SlowpokeFrames	0x0D5237	0x0D6734	5	7	0.71
SlowbroFrames	0x0D525E	0x0D675B	10	12	0.83
MagnemiteFrames	0x0D529C	0x0D6799	6	9	0.67
GastlyFrames	0x0D54F2	0x0D6A70	4	6	0.67
HaunterFrames	0x0D551A	0x0D6A98	4	6	0.67
GengarFrames	0x0D5542	0x0D6AC0	11	14	0.79
OnixFrames	0x0D5592	0x0D6B10	12	16	0.75
ExeggcuteFrames	0x0D56E1	0x0D6E5C	14	15	0.93
ExeggutorFrames	0x0D572E	0x0D6EA9	3	4	0.75
HitmonleeFrames	0x0D57C8	0x0D7004	15	17	0.88
HitmonchanFrames	0x0D5819	0x0D7055	12	15	0.80
KoffingFrames	0x0D588F	0x0D70D5	5	8	0.62
WeezingFrames	0x0D58C7	0x0D710D	13	15	0.87
RhyhornFrames	0x0D5915	0x0D715B	12	14	0.86
RhydonFrames	0x0D5960	0x0D71A6	6	8	0.75
ChanseyFrames	0x0D5991	0x0D71D7	8	10	0.80
TangelaFrames	0x0D59CC	0x0D7212	3	4	0.75
KangaskhanFrames	0x0D59EA	0x0D7230	10	13	0.77
GoldeenFrames	0x0D5A6C	0x0D72E9	2	4	0.50
SeakingFrames	0x0D5A88	0x0D7305	6	8	0.75
ScytherFrames	0x0D5B60	0x0D73C4	15	24	0.62
ElectabuzzFrames	0x0D5BF4	0x0D748E	8	11	0.73
MagmarFrames	0x0D5C37	0x0D74D1	3	5	0.60
MagikarpFrames	0x0D5D08	0x0D765B	3	4	0.75
GyaradosFrames	0x0D5D27	0x0D767A	6	8	0.75
DittoFrames	0x0D5D90	0x0D7728	14	18	0.78
EeveeFrames	0x0D5DF0	0x0D7788	6	8	0.75
VaporeonFrames	0x0D5E1D	0x0D77B5	4	6	0.67
JolteonFrames	0x0D5E42	0x0D77DA	8	10	0.80
FlareonFrames	0x0D5E80	0x0D7818	6	8	0.75
PorygonFrames	0x0D5EAE	0x0D7846	5	7	0.71
SnorlaxFrames	0x0D5FA7	0x0D7B1A	4	7	0.57
ArticunoFrames	0x0D5FD2	0x0D7B1A	18	20	0.90
ZapdosFrames	0x0D6042	0x0D7BB1	15	17	0.88
MoltresFrames	0x0D6096	0x0D7C05	21	24	0.88
DratiniFrames	0x0D610F	0x0D55C0	2	4	0.50
MewtwoFrames	0x0D61B3	0x0D7D42	18	20	0.90
ChikoritaFrames	0x0D8400	0x01E400	7	10	0.70
JohtoFrames	0x0D8400	0x01E400	7	10	0.70
BayleefFrames	0x0D8438	0x01E438	5	7	0.71
MeganiumFrames	0x0D8463	0x01E463	12	14	0.86
CyndaquilFrames	0x0D84A7	0x01E4A7	12	14	0.86
QuilavaFrames	0x0D84F5	0x01E4F5	11	13	0.85
TyphlosionFrames	0x0D853B	0x01E53B	21	24	0.88
TotodileFrames	0x0D85B3	0x01E5B3	3	5	0.60
CroconawFrames	0x0D85D3	0x01E5D3	16	18	0.89
FeraligatrFrames	0x0D8636	0x01E636	10	12	0.83
FurretFrames	0x0D868A	0x01E68A	4	6	0.67
SpinarakFrames	0x0D878E	0x01E8C2	3	5	0.60
AriadosFrames	0x0D87AC	0x01E8E0	17	19	0.89
CrobatFrames	0x0D8810	0x01E944	18	21	0.86
ChinchouFrames	0x0D8879	0x01E9AD	3	5	0.60
LanturnFrames	0x0D8898	0x01E9CC	5	7	0.71
PichuFrames	0x0D88C4	0x01E9F8	7	9	0.78
IgglybuffFrames	0x0D8912	0x01EB3F	2	3	0.67
TogeticFrames	0x0D893F	0x01EB6C	14	17	0.82
NatuFrames	0x0D899C	0x01EBC9	5	7	0.71
XatuFrames	0x0D89C7	0x01EBF4	5	7	0.71
FlaaffyFrames	0x0D8A0D	0x01EC3A	6	8	0.75
AmpharosFrames	0x0D8A40	0x01EC6D	22	25	0.88
MarillFrames	0x0D8AF9	0x01ED77	4	7	0.57
AzumarillFrames	0x0D8B25	0x01EDA3	10	12	0.83
YanmaFrames	0x0D8CB2	0x01F035	4	5	0.80
EspeonFrames	0x0D8D1C	0x01F11E	3	5	0.60
UmbreonFrames	0x0D8D3C	0x01F13E	8	10	0.80
SlowkingFrames	0x0D8D9C	0x01F1FA	5	7	0.71
MisdreavusFrames	0x0D8DC5	0x01F223	2	4	0.50
PinecoFrames	0x0D8EE7	0x01F383	3	5	0.60
ForretressFrames	0x0D8F09	0x01F3A5	3	6	0.50
SteelixFrames	0x0D8F83	0x01F4B8	10	12	0.83
GranbullFrames	0x0D8FF5	0x01E674	2	3	0.67
ScizorFrames	0x0D9033	0x01F5EA	15	18	0.83
HeracrossFrames	0x0D90B7	0x01E68D	2	4	0.50
SneaselFrames	0x0D90D7	0x01F6F3	7	9	0.78
TeddiursaFrames	0x0D910B	0x01F727	3	5	0.60
UrsaringFrames	0x0D9128	0x01F744	10	13	0.77
SlugmaFrames	0x0D916A	0x01F786	5	9	0.56
MagcargoFrames	0x0D919E	0x01F7BA	10	12	0.83
PiloswineFrames	0x0D91FF	0x01F81B	3	5	0.60
OctilleryFrames	0x0D9262	0x01EE76	2	4	0.50
HoundoomFrames	0x0D9356	0x01FAD2	11	14	0.79
PhanpyFrames	0x0D93D5	0x01FB8B	3	4	0.75
DonphanFrames	0x0D93F2	0x01FBA8	11	13	0.85
Porygon2Frames	0x0D943A	0x01FBF0	6	8	0.75
TyrogueFrames	0x0D94BC	0x01FD28	4	6	0.67
HitmontopFrames	0x0D94E3	0x01FD4F	11	13	0.85
ElekidFrames	0x0D953C	0x01FE5E	8	11	0.73
MagbyFrames	0x0D9578	0x01FE9A	15	18	0.83
BlisseyFrames	0x0D9607	0x01FF84	5	7	0.71
TyranitarFrames	0x0D97CF	0x0D3A8B	16	19	0.84
LugiaFrames	0x0D982C	0x0D3AE6	28	32	0.88
HoOhFrames	0x0D98C6	0x0D3B7D	10	12	0.83
EggFrames	0x0D998B	0x0E3EF4	4	5	0.80
TilesetBattleTowerOutsideColl	0x0DF690	0x15D36D	72	125	0.58
TilesetAerodactylWordRoomColl	0x0DFC90	0x0DB7BB	204	219	0.93
TilesetBetaWordRoomColl	0x0DFC90	0x0DB7BB	204	219	0.93
TilesetHoOhWordRoomColl	0x0DFC90	0x0DB7BB	204	219	0.93
TilesetKabutoWordRoomColl	0x0DFC90	0x0DB7BB	204	219	0.93
TilesetOmanyteWordRoomColl	0x0DFC90	0x0DB7BB	204	219	0.93
CardFlip_ShuffleDeck	0x0E0366	0x0E0240	4	5	0.80
PlaceCardFaceDown	0x0E03C1	0x0E0295	4	6	0.67
CardFlip_DisplayCardFaceUp	0x0E03EC	0x0E02C0	22	26	0.85
CardFlip_InitTilemap	0x0E04C1	0x0E0389	2	2	1.00
CardFlip_CopyOAM	0x0E0509	0x0E03D0	4	4	1.00
CardFlip_BlankDiscardedCardSlot	0x0E0534	0x0E03F9	31	38	0.82
PlaceOAMCardBorder	0x0E0849	0x0E05A4	11	12	0.92
ChooseCard_HandleJoypad	0x0E089C	0x0E05F0	16	26	0.62
CardFlip_UpdateCursorOAM	0x0E0960	0x0E06A6	80	126	0.63
CardFlip_InitAttrPals	0x0E0C37	0x0E0978	22	26	0.85
CardFlipTilemap	0x0E110C	0x0E0E21	25	25	1.00
_UnownPuzzle	0x0E1190	0x0E0EA5	12	18	0.67
InitUnownPuzzlePiecePositions	0x0E124E	0x0E0F65	5	6	0.83
UnownPuzzle_UpdateTilemap	0x0E13FE	0x0E10FA	3	3	1.00
PlaceUnownPuzzlePieceGFX	0x0E141F	0x0E111B	4	4	1.00
FillUnoccupiedPuzzleSpace	0x0E1441	0x0E113D	4	4	1.00
GetCurrentPuzzlePieceVTileCorner	0x0E1481	0x0E117B	3	5	0.60
CheckSolvedUnownPuzzle	0x0E14A0	0x0E119A	10	10	1.00
RedrawUnownPuzzlePieces	0x0E14D9	0x0E11D3	23	23	1.00
UnownPuzzleCoordData	0x0E1559	0x0E1253	43	43	1.00
ConvertLoadedPuzzlePieces	0x0E1631	0x0E132B	20	25	0.80
UnownPuzzle_AddPuzzlePieceBorders	0x0E16C7	0x0E13BE	10	10	1.00
PuzzlePieceBorderData	0x0E1703	0x0E13FA	25	32	0.78
UnownPuzzleCursorGFX	0x0E17C5	0x0E14BA	15	15	1.00
MemoryGame_CheckMatch	0x0E2010	0x0E1E16	8	14	0.57
MemoryGame_InitBoard	0x0E209D	0x0E1EA9	8	8	1.00
MemoryGame_SampleTilePlacement	0x0E20E5	0x0E1EF1	3	3	1.00
MemoryGame_GetDistributionOfTiles	0x0E2101	0x0E1F0D	5	5	1.00
MemoryGame_Card2Coord	0x0E2183	0x0E1F7A	3	3	1.00
BillsPC_InitRAM	0x0E2963	0x0E2725	3	3	1.00
PCMonInfo	0x0E2AC6	0x0E2839	9	18	0.50
BillsPC_UpdateSelectionCursor	0x0E2E01	0x0E2B0B	23	25	0.92
BillsPC_UpdateInsertCursor	0x0E2E8C	0x0E2B96	14	14	1.00
BillsPC_IsMonAnEgg	0x0E2F5F	0x0E2C32	1	2	0.50
GetBoxPointer	0x0E3396	0x0E2FCC	11	11	1.00
PCMailGFX	0x0E349D	0x0E305F	13	13	1.00
_ChangeBox	0x0E35AA	0x0E316E	4	4	1.00
BillsPC_PrintBoxCountAndCapacity	0x0E3632	0x0E31F1	3	5	0.60
GameFreakLogo_Ditto	0x0E4759	0x09F07F	2	3	0.67
GameFreakDittoPaletteFade	0x0E47AC	0x09F0CE	6	6	1.00
GameFreakLogoGFX	0x0E47CC	0x09F0EE	43	43	1.00
Intro_ClearBGPals	0x0E54A3	0x00288E	1	2	0.50
Intro_ResetLYOverrides	0x0E5516	0x00288E	1	2	0.50
IntroUnownsPalette	0x0E65AD	0x0044C4	15	30	0.50
IntroGrass4GFX	0x0E7A5D	0x0DB7AD	355	358	0.99
_UpdateSound	0x0E805C	0x0E8051	16	22	0.73
FadeMusic	0x0E8358	0x0E8486	15	15	1.00
LoadNote	0x0E83D1	0x0E84FF	15	23	0.65
ApplyPitchSlide	0x0E84F9	0x0E863D	13	22	0.59
HandleNoise	0x0E858C	0x0E86CE	3	3	1.00
ParseMusic	0x0E85E1	0x0E871F	11	18	0.61
RestoreVolume	0x0E8679	0x0E87CD	3	3	1.00
ParseSFXOrCry	0x0E8698	0x0E87EC	4	4	1.00
GetNoiseSample	0x0E86C5	0x0E8819	6	8	0.75
Music_Vibrato	0x0E8882	0x0E8A1B	7	7	1.00
Music_PitchSlide	0x0E88BD	0x0E8A56	4	4	1.00
Music_DutyCyclePattern	0x0E8906	0x0E8A90	2	2	1.00
Music_RestartChannel	0x0E8A08	0x0E8B8C	2	4	0.50
GetMusicByte	0x0E8A3E	0x0E8BC2	4	4	1.00
SetNoteDuration	0x0E8A8D	0x0E8C0C	6	8	0.75
SetGlobalTempo	0x0E8AC7	0x0E8C46	4	4	1.00
_PlayMusic	0x0E8B30	0x0E8CAF	6	8	0.75
_PlayCry	0x0E8B79	0x0E9027	15	17	0.88
PlayStereoSFX	0x0E8CA6	0x0E910F	8	15	0.53
LoadChannel	0x0E8D1B	0x0E8CEB	7	7	1.00
ChannelInit	0x0E8D5B	0x0E8D2B	3	3	1.00
FrequencyTable	0x0E8D80	0x0E8D63	8	8	1.00
WaveSamples	0x0E8DB2	0x0E8D95	26	26	1.00
PlayTrainerEncounterMusic	0x0E900A	0x0E9387	2	2	1.00
Music_Route36_Ch1	0x0E94F5	0x089AFF	30	31	0.97
Music_Route36_Ch2	0x0E95AF	0x089BB8	25	26	0.96
Music_Route36_Ch3	0x0E966B	0x089C73	23	24	0.96
Music_RivalBattle_Ch1	0x0E9758	0x09C009	43	52	0.83
Music_RivalBattle_Ch2	0x0E98AF	0x09C161	27	43	0.63
Music_RocketBattle_Ch1	0x0E9B78	0x09C42A	59	69	0.86
Music_RocketBattle_Ch2	0x0E9D3E	0x09C5F1	37	48	0.77
Music_ElmsLab_Ch1	0x0EA04C	0x09C8FF	27	31	0.87
Music_ElmsLab_Ch2	0x0EA128	0x09C9D2	26	27	0.96
Music_DarkCave_Ch2	0x0EA36A	0x09CBF1	29	35	0.83
Music_DarkCave_Ch4	0x0EA4EA	0x09CD63	5	5	1.00
Music_JohtoGymBattle_Ch1	0x0EA516	0x09CD91	42	56	0.75
Music_JohtoGymBattle_Ch2	0x0EA65F	0x09CE83	28	56	0.50
Music_SSAqua_Ch1	0x0EADA5	0x09D72B	42	48	0.88
Music_SSAqua_Ch2	0x0EAECA	0x09D84F	53	72	0.74
Music_SSAqua_Ch3	0x0EB056	0x09D9DA	63	75	0.84
Music_NewBarkTown_Ch3	0x0EB400	0x09DD53	13	14	0.93
Music_GoldenrodCity_Ch1	0x0EB45F	0x09DDB1	19	31	0.61
Music_GoldenrodCity_Ch3	0x0EB584	0x09DEB0	10	20	0.50
Music_RuinsOfAlphInterior_Ch2	0x0EBDB8	0x09E5BC	2	3	0.67
Music_LookPokemaniac_Ch1	0x0EBDEA	0x09E5EC	4	8	0.50
Music_LookPokemaniac_Ch2	0x0EBE12	0x09E610	6	11	0.55
Music_LookPokemaniac_Ch3	0x0EBE51	0x09E64E	13	17	0.76
Music_Route1_Ch3	0x0EC1B8	0x0EC196	30	47	0.64
Music_Route3_Ch2	0x0EC3D0	0x0EC33F	14	22	0.64
Music_Route3_Ch3	0x0EC45B	0x0EC3C7	12	24	0.50
Music_KantoTrainerBattle_Ch1	0x0ECA04	0x0EC803	75	84	0.89
Music_KantoTrainerBattle_Ch2	0x0ECBEA	0x0ECB08	78	96	0.81
Music_KantoWildBattle_Ch1	0x0ED077	0x0ED2D5	36	49	0.73
Music_KantoWildBattle_Ch2	0x0ED19F	0x0ED3FE	44	69	0.64
Music_KantoWildBattle_Ch3	0x0ED368	0x0ED5C6	92	95	0.97
Music_PokemonCenter_Ch1	0x0ED5D2	0x0EDA2F	17	29	0.59
Music_LookLass_Ch1	0x0ED7A7	0x0EDBB4	4	5	0.80
Music_LookLass_Ch2	0x0ED7CD	0x0EDBD9	2	3	0.67
Music_LookLass_Ch3	0x0ED7E6	0x0EDBF1	6	7	0.86
Music_LookOfficer_Ch1	0x0ED836	0x0EDC3F	6	7	0.86
Music_LookOfficer_Ch2	0x0ED863	0x0EDC6B	7	13	0.54
Music_LookOfficer_Ch3	0x0ED8AD	0x0EDCB4	8	9	0.89
Music_MtMoon_Ch4	0x0EDBBF	0x0EDF66	3	4	0.75
Music_GameCorner_Ch2	0x0EDE1C	0x0EE005	24	32	0.75
Music_GameCorner_Ch3	0x0EDEE8	0x0EE0CE	40	69	0.58
Music_LookSage_Ch3	0x0EE414	0x0EE364	13	13	1.00
Music_Lighthouse_Ch1	0x0EE575	0x0EE3BA	25	26	0.96
Music_Lighthouse_Ch2	0x0EE5FC	0x0EE440	7	14	0.50
Music_Lighthouse_Ch4	0x0EE6AD	0x0EE4E5	4	5	0.80
Music_IndigoPlateau_Ch4	0x0EE924	0x0DD92E	4	5	0.80
Music_Route37_Ch1	0x0EE957	0x0EE8A3	15	29	0.52
Music_RocketHideout_Ch1	0x0EEB81	0x0EEA94	13	24	0.54
Music_LookBeauty_Ch1	0x0EEE4A	0x0EEDEC	13	13	1.00
Music_LookBeauty_Ch2	0x0EEE9C	0x0EEE3D	16	17	0.94
Music_LookBeauty_Ch3	0x0EEEFA	0x0EEE9A	23	24	0.96
Music_Route26_Ch1	0x0EEFBE	0x0EEF4F	39	40	0.97
Music_Route26_Ch2	0x0EF09D	0x0EF02D	24	34	0.71
Music_Route26_Ch3	0x0EF15A	0x0EF0E9	32	39	0.82
Music_EcruteakCity_Ch1	0x0EF2D9	0x0EF266	23	43	0.53
Music_EcruteakCity_Ch2	0x0EF3EB	0x0EF371	31	39	0.79
Music_MagnetTrain_Ch2	0x0EF648	0x0EF56B	5	9	0.56
Music_MagnetTrain_Ch3	0x0EF67D	0x0EF59E	9	17	0.53
Music_LavenderTown_Ch3	0x0EF932	0x0EF7D7	19	26	0.73
Music_DancingHall_Ch1	0x0EF9C6	0x0EF867	9	17	0.53
Music_DancingHall_Ch3	0x0EFAD6	0x0EF967	16	17	0.94
Music_Route30_Ch1	0x0EFC0D	0x08A636	28	29	0.97
Music_Route30_Ch2	0x0EFCDA	0x08A702	16	17	0.94
Music_Route30_Ch3	0x0EFD5F	0x08A786	58	59	0.98
Music_Route30_Ch4	0x0EFE7A	0x0D7F85	66	84	0.79
Music_Printer_Ch3	0x0F0800	0x099062	67	68	0.99
Sfx_Save_Ch5	0x0F09B6	0x0F2019	5	5	1.00
Sfx_Save_Ch6	0x0F09D5	0x0F2038	4	4	1.00
Sfx_DexFanfare2049_Ch5	0x0F0BE1	0x0F23AE	3	3	1.00
Sfx_Item_Ch5	0x0F0C3B	0x0F2408	3	3	1.00
Sfx_Item_Ch7	0x0F0C68	0x0F2435	3	3	1.00
Sfx_CaughtMon_Ch5	0x0F0C95	0x0F2462	4	4	1.00
Sfx_CaughtMon_Ch6	0x0F0CB5	0x0F2482	3	3	1.00
Sfx_DexFanfare80109_Ch5	0x0F0CF6	0x0F24C3	4	4	1.00
Sfx_DexFanfare80109_Ch6	0x0F0D17	0x0F24E4	4	4	1.00
Sfx_DexFanfare80109_Ch7	0x0F0D32	0x0F24FF	3	3	1.00
Sfx_Unused_Ch5	0x0F0D6B	0x0F258A	3	3	1.00
Sfx_Unused_Ch6	0x0F0D8A	0x0F25A9	3	3	1.00
Sfx_RegisterPhoneNumber_Ch5	0x0F0DD3	0x0F265C	4	4	1.00
Sfx_RegisterPhoneNumber_Ch6	0x0F0DF0	0x0F2678	3	3	1.00
Sfx_GetEgg_Ch5	0x0F0E72	0x0F26F4	5	5	1.00
Sfx_GetEgg_Ch6	0x0F0E9B	0x0F271D	3	3	1.00
Sfx_MoveDeleted_Ch5	0x0F0EE8	0x0F276A	5	5	1.00
Sfx_MoveDeleted_Ch6	0x0F0F0D	0x0F278F	6	6	1.00
Sfx_MoveDeleted_Ch7	0x0F0F37	0x0F27B9	3	3	1.00
Sfx_2ndPlace_Ch5	0x0F0F6A	0x0F27EC	5	5	1.00
Sfx_2ndPlace_Ch6	0x0F0F92	0x0F2814	3	3	1.00
Sfx_2ndPlace_Ch7	0x0F0FAD	0x0F282F	4	4	1.00
Sfx_1stPlace_Ch5	0x0F0FEE	0x0F2870	6	6	1.00
Sfx_1stPlace_Ch6	0x0F1020	0x0F28A2	4	4	1.00
Sfx_ChooseACard_Ch5	0x0F1075	0x0F28F7	8	8	1.00
Sfx_ChooseACard_Ch6	0x0F10A9	0x0F292B	5	5	1.00
Sfx_ChooseACard_Ch7	0x0F10C9	0x0F294B	5	5	1.00
Sfx_ChooseACard_Ch8	0x0F10EC	0x0F296E	1	1	1.00
Sfx_GetTm_Ch5	0x0F1110	0x0F2992	4	4	1.00
Sfx_GetTm_Ch6	0x0F1131	0x0F29B3	3	3	1.00
Sfx_GetTm_Ch7	0x0F114C	0x0F29CE	4	4	1.00
Sfx_GetBadge_Ch6	0x0F11BE	0x0F2A40	7	7	1.00
Sfx_GetBadge_Ch7	0x0F11F5	0x0F2A77	6	6	1.00
Sfx_QuitSlots_Ch5	0x0F1242	0x0F2AC4	5	5	1.00
Sfx_QuitSlots_Ch6	0x0F1266	0x0F2AE8	3	3	1.00
Sfx_QuitSlots_Ch7	0x0F1283	0x0F2B05	3	3	1.00
Sfx_Protect_Ch5	0x0F12BA	0x0F2B3C	4	6	0.67
Sfx_Sketch_Ch5	0x0F12F9	0x0F2B7B	3	4	0.75
Sfx_RainDance_Ch8	0x0F1317	0x0F2B99	3	5	0.60
Sfx_SpiderWeb_Ch5	0x0F13D0	0x0F2C52	4	4	1.00
Sfx_MindReader_Ch5	0x0F13FD	0x0F2C7F	2	2	1.00
Sfx_Nightmare_Ch5	0x0F1420	0x0F2CA2	8	9	0.89
Sfx_SweetKiss2_Ch5	0x0F1482	0x0F2D04	6	6	1.00
Sfx_Foresight_Ch5	0x0F14F8	0x0F2D7A	4	4	1.00
Sfx_Spite_Ch5	0x0F1518	0x0F2D9A	4	4	1.00
Sfx_GigaDrain_Ch5	0x0F1576	0x0F2DF8	6	6	1.00
Sfx_MeanLook_Ch5	0x0F15F2	0x0F2E74	5	7	0.71
Sfx_Return_Ch5	0x0F163A	0x0F2EBC	2	3	0.67
Sfx_ExpBar_Ch5	0x0F1656	0x0F2ED8	5	5	1.00
Sfx_MilkDrink_Ch5	0x0F1682	0x0F2F04	4	5	0.80
Sfx_Moonlight_Ch5	0x0F16E2	0x0F2F64	2	4	0.50
Sfx_BatonPass_Ch5	0x0F1752	0x0F2FD4	4	4	1.00
Sfx_MasterBall_Ch5	0x0F179E	0x0F3020	4	4	1.00
Sfx_GsIntroCharizardFireball_Ch8	0x0F17DC	0x0F305E	3	5	0.60
Sfx_Flash_Ch5	0x0F181B	0x0F309D	5	5	1.00
Sfx_GameFreakLogoGs_Ch5	0x0F1849	0x0F30CB	9	9	1.00
Sfx_DexFanfareLessThan20_Ch7	0x0F18AD	0x0F312F	4	4	1.00
Sfx_DexFanfare140169_Ch5	0x0F18DE	0x0F3160	6	6	1.00
Sfx_DexFanfare140169_Ch6	0x0F1901	0x0F3183	4	4	1.00
Sfx_DexFanfare140169_Ch7	0x0F191E	0x0F31A0	5	5	1.00
Sfx_DexFanfare170199_Ch5	0x0F195D	0x0F31DF	6	6	1.00
Sfx_DexFanfare170199_Ch6	0x0F1982	0x0F3204	5	5	1.00
Sfx_DexFanfare170199_Ch7	0x0F19A3	0x0F3225	4	4	1.00
Sfx_DexFanfare200229_Ch5	0x0F19E2	0x0F3264	4	4	1.00
Sfx_DexFanfare200229_Ch6	0x0F1A04	0x0F3286	4	4	1.00
Sfx_DexFanfare200229_Ch7	0x0F1A1F	0x0F32A1	6	6	1.00
Sfx_DexFanfare200229_Ch8	0x0F1A4A	0x0F32CC	3	3	1.00
Sfx_DexFanfare230Plus_Ch5	0x0F1A72	0x0F32F4	10	10	1.00
Sfx_DexFanfare230Plus_Ch6	0x0F1AB2	0x0F3334	6	6	1.00
Sfx_DexFanfare230Plus_Ch7	0x0F1ADA	0x0F335C	9	9	1.00
Sfx_BallBounce_Ch5	0x0F1B69	0x0F33EB	5	5	1.00
Sfx_BallBounce_Ch6	0x0F1B8C	0x0F340E	6	6	1.00
Sfx_GiveTrademon_Ch5	0x0F1C13	0x0F3495	8	8	1.00
Sfx_GetTrademon_Ch5	0x0F1C41	0x0F34C3	8	8	1.00
Sfx_TrainArrived_Ch5	0x0F1C7C	0x0F34FE	5	5	1.00
Sfx_TrainArrived_Ch8	0x0F1C9B	0x0F351D	3	3	1.00
Sfx_2Boops_Ch5	0x0F1CB7	0x0F3539	3	4	0.75
Sfx_Pokeflute_Ch7	0x0F1CDA	0x0F3578	5	5	1.00
Sfx_BootPc_Ch5	0x0F1DE3	0x0F3681	9	9	1.00
Sfx_EscapeRope_Ch5	0x0F1E34	0x0F36D2	4	4	1.00
Sfx_WarpTo_Ch5	0x0F1E7B	0x0F3719	4	4	1.00
Sfx_WarpFrom_Ch5	0x0F1E96	0x0F3734	4	4	1.00
Sfx_Fly_Ch8	0x0F1ED4	0x0F3772	11	11	1.00
Sfx_Strength_Ch8	0x0F1F3A	0x0F37D8	3	3	1.00
Sfx_Boat_Ch5	0x0F1F53	0x0F37F1	5	5	1.00
Sfx_Boat_Ch6	0x0F1F72	0x0F3810	5	5	1.00
Sfx_WallOpen_Ch5	0x0F1F91	0x0F382F	5	5	1.00
Sfx_ElevatorEnd_Ch5	0x0F1FAE	0x0F22E1	5	5	1.00
Sfx_Shine_Ch5	0x0F1FD9	0x0F3877	3	3	1.00
Sfx_Run_Ch8	0x0F2014	0x0F38B2	5	5	1.00
Sfx_Call_Ch5	0x0F2052	0x0F38F0	5	5	1.00
Sfx_VineWhip_Ch8	0x0F20F8	0x0F3996	2	2	1.00
Sfx_Bubblebeam_Ch5	0x0F226E	0x0F3B0C	2	3	0.67
Sfx_HydroPump_Ch5	0x0F22B1	0x0F3B4F	4	6	0.67
Sfx_Psychic_Ch5	0x0F23BF	0x0F3C5D	3	3	1.00
Sfx_Psychic_Ch6	0x0F23DE	0x0F3C7C	3	3	1.00
Sfx_HyperBeam_Ch5	0x0F24CA	0x0F222C	12	14	0.86
Sfx_HyperBeam_Ch6	0x0F2509	0x0F226B	9	11	0.82
Sfx_Unknown60_Ch8	0x0F2553	0x0F2082	3	3	1.00
Sfx_IntroWhoosh_Ch8	0x0F256C	0x0F3555	3	3	1.00
Sfx_Metronome_Ch5	0x0F25EC	0x0F211D	5	5	1.00
Sfx_Fanfare2_Ch5	0x0F2635	0x0F252C	5	5	1.00
Sfx_Fanfare2_Ch6	0x0F2658	0x0F254F	3	3	1.00
Sfx_Fanfare_Ch5	0x0F2687	0x0F25E6	7	7	1.00
Sfx_Fanfare_Ch6	0x0F26AF	0x0F260E	6	6	1.00
Sfx_Fanfare_Ch8	0x0F26D8	0x0F2637	4	4	1.00
Sfx_Elevator_Ch5	0x0F2722	0x0F22D3	5	7	0.71
Cry_Magcargo_Ch5	0x0F2EB4	0x092C63	5	5	1.00
Cry_Magcargo_Ch6	0x0F2ED3	0x092C82	5	5	1.00
Cry_Dunsparce_Ch5	0x0F2F03	0x092CB2	4	4	1.00
Cry_Slowking_Ch5	0x0F2F3B	0x092CEA	5	5	1.00
Cry_Slowking_Ch8	0x0F2F71	0x092D20	5	5	1.00
Cry_Pichu_Ch5	0x0F2F8A	0x092D39	6	6	1.00
Cry_Marill_Ch5	0x0F2FD2	0x092D81	4	4	1.00
Cry_Marill_Ch6	0x0F2FF1	0x092DA0	4	4	1.00
Cry_Raikou_Ch5	0x0F307B	0x092E2A	4	4	1.00
Cry_Raikou_Ch6	0x0F309A	0x092E49	6	6	1.00
Cry_Raikou_Ch8	0x0F30BD	0x092E6C	4	4	1.00
Cry_Hoothoot_Ch5	0x0F30D6	0x092E85	4	4	1.00
Cry_Ledyba_Ch6	0x0F3200	0x092FAF	4	4	1.00
Cry_Donphan_Ch5	0x0F322E	0x092FDD	3	3	1.00
Cry_Wooper_Ch5	0x0F322E	0x092FDD	3	3	1.00
Cry_Donphan_Ch6	0x0F3249	0x092FF8	3	3	1.00
Cry_Wooper_Ch6	0x0F3249	0x092FF8	3	3	1.00
Cry_Teddiursa_Ch6	0x0F32BB	0x09306A	3	3	1.00
Cry_Typhlosion_Ch6	0x0F32BB	0x09306A	3	3	1.00
Cry_Natu_Ch5	0x0F32E7	0x093096	4	4	1.00
Cry_Natu_Ch6	0x0F3302	0x0930B1	4	4	1.00
Cry_Sunflora_Ch6	0x0F3302	0x0930B1	4	4	1.00
Cry_Cleffa_Ch5	0x0F33D5	0x093184	6	6	1.00
Cry_Aipom_Ch5	0x0F3422	0x0931D1	4	4	1.00
Cry_Aipom_Ch8	0x0F3460	0x09320F	2	4	0.50
Cry_Unused_Ch5	0x0F35D3	0x093382	3	3	1.00
Cry_Unused_Ch6	0x0F35EE	0x09339D	5	5	1.00
Cry_Raichu_Ch5	0x0F361F	0x0933CE	5	5	1.00
Cry_Raichu_Ch6	0x0F363C	0x0933EB	5	5	1.00
Cry_Raichu_Ch8	0x0F365D	0x09340C	3	3	1.00
Cry_Vulpix_Ch5	0x0F36AD	0x09345C	5	5	1.00
Cry_Vulpix_Ch6	0x0F36D0	0x09347F	5	5	1.00
Cry_Rhydon_Ch5	0x0F3703	0x0934B2	3	3	1.00
Cry_Rhydon_Ch6	0x0F3722	0x0934D1	4	4	1.00
Cry_Kangaskhan_Ch5	0x0F3796	0x093545	4	4	1.00
Cry_Kangaskhan_Ch6	0x0F37B5	0x093564	5	5	1.00
Cry_Bulbasaur_Ch5	0x0F37E1	0x093590	3	3	1.00
Cry_Bulbasaur_Ch6	0x0F37FC	0x0935AB	3	3	1.00
Cry_Spearow_Ch5	0x0F3827	0x0935D6	5	5	1.00
Cry_Spearow_Ch6	0x0F384A	0x0935F9	6	6	1.00
Cry_Voltorb_Ch5	0x0F38CF	0x09367E	4	4	1.00
Cry_Diglett_Ch5	0x0F394B	0x0936FA	8	8	1.00
Cry_Diglett_Ch6	0x0F3976	0x093725	5	5	1.00
Cry_Diglett_Ch8	0x0F3995	0x093744	3	3	1.00
Cry_Seel_Ch5	0x0F39AE	0x09375D	5	5	1.00
Cry_Seel_Ch6	0x0F39D5	0x093784	7	7	1.00
Cry_Drowzee_Ch5	0x0F3A1A	0x0937C9	4	5	0.80
Cry_Drowzee_Ch6	0x0F3A39	0x0937E8	6	6	1.00
Cry_Drowzee_Ch8	0x0F3A68	0x093817	4	4	1.00
Cry_Nidoqueen_Ch5	0x0F3ABA	0x093869	3	3	1.00
Cry_Nidoqueen_Ch6	0x0F3AD9	0x093888	4	4	1.00
Cry_Nidoqueen_Ch8	0x0F3AFC	0x0938AB	3	3	1.00
Cry_Charmander_Ch5	0x0F3B45	0x0938F4	3	3	1.00
Cry_Charmander_Ch6	0x0F3B64	0x093913	3	3	1.00
Cry_Blastoise_Ch5	0x0F3C4E	0x0939FD	2	2	1.00
Cry_Blastoise_Ch6	0x0F3C69	0x093A18	3	3	1.00
Cry_Paras_Ch5	0x0F3CBF	0x093A6E	4	4	1.00
Cry_Paras_Ch6	0x0F3CE2	0x093A91	5	5	1.00
Cry_Paras_Ch8	0x0F3D09	0x093AB8	3	3	1.00
Cry_Weedle_Ch5	0x0F3D25	0x093AD4	3	3	1.00
Cry_Weedle_Ch6	0x0F3D40	0x093AEF	3	3	1.00
Cry_Metapod_Ch5	0x0F3DA1	0x093B50	5	5	1.00
Cry_Metapod_Ch6	0x0F3DC4	0x093B73	3	3	1.00
Cry_Venonat_Ch5	0x0F3DEF	0x093B9E	3	3	1.00
Cry_Venonat_Ch6	0x0F3E0A	0x093BB9	3	3	1.00
Cry_Squirtle_Ch5	0x0F3E38	0x093BE7	3	3	1.00
Cry_Squirtle_Ch6	0x0F3E53	0x093C02	3	3	1.00
Cry_Fearow_Ch5	0x0F3E7E	0x093C2D	4	4	1.00
Cry_Fearow_Ch6	0x0F3EA1	0x093C50	4	4	1.00
Cry_Psyduck_Ch5	0x0F3F3D	0x093CEC	6	6	1.00
Cry_Psyduck_Ch6	0x0F3F60	0x093D0F	4	4	1.00
Cry_Rattata_Ch8	0x0F3FA9	0x004606	17	19	0.89
Music_ViridianCity_Ch3	0x0F421E	0x0F7BBE	15	29	0.52
Music_Gym_Ch1	0x0F48BA	0x10650E	23	32	0.72
Music_Gym_Ch3	0x0F4A37	0x106674	17	23	0.74
Music_PalletTown_Ch1	0x0F4B15	0x10674E	18	22	0.82
Music_PalletTown_Ch2	0x0F4BA1	0x1067D9	18	22	0.82
Music_PalletTown_Ch3	0x0F4C2A	0x106861	18	19	0.95
Music_LookRival_Ch1	0x0F4F85	0x1068E1	18	20	0.90
Music_LookRival_Ch2	0x0F5010	0x10696B	12	15	0.80
Music_LookRival_Ch4	0x0F5106	0x106A5F	4	4	1.00
Music_AfterTheRivalFight_Ch1	0x0F5133	0x106A89	3	4	0.75
Music_NationalPark_Ch1	0x0F54F4	0x106E4F	42	50	0.84
Music_NationalPark_Ch2	0x0F5652	0x106FAC	25	36	0.69
Music_NationalPark_Ch3	0x0F5723	0x10707C	13	21	0.62
Music_AzaleaTown_Ch2	0x0F591D	0x107268	19	38	0.50
Music_AzaleaTown_Ch3	0x0F5A08	0x107351	27	43	0.63
Music_CherrygroveCity_Ch1	0x0F5B0F	0x107448	17	17	1.00
Music_CherrygroveCity_Ch2	0x0F5B74	0x1074AC	12	13	0.92
Music_CherrygroveCity_Ch3	0x0F5BD8	0x10750F	11	21	0.52
Music_CherrygroveCity_Ch4	0x0F5C48	0x107575	2	2	1.00
Music_UnionCave_Ch4	0x0F5DA5	0x1076C4	4	6	0.67
Music_JohtoWildBattle_Ch1	0x0F5DCE	0x0584AB	38	41	0.93
Music_JohtoWildBattle_Ch2	0x0F5EA2	0x058580	35	40	0.88
Music_LookYoungster_Ch1	0x0F66CC	0x1076E8	8	11	0.73
Music_LookYoungster_Ch2	0x0F670F	0x107719	19	20	0.95
Music_TinTower_Ch1	0x0F681D	0x026DFE	17	18	0.94
Music_TinTower_Ch4	0x0F6948	0x026F1A	7	8	0.88
Music_SproutTower_Ch1	0x0F6980	0x059130	10	13	0.77
Music_SproutTower_Ch2	0x0F69C8	0x059172	8	13	0.62
Music_SproutTower_Ch4	0x0F6A7A	0x05921C	5	6	0.83
Music_BurnedTower_Ch1	0x0F6AA5	0x059246	13	18	0.72
Music_BurnedTower_Ch2	0x0F6B29	0x0592C9	11	17	0.65
Music_BurnedTower_Ch3	0x0F6BA2	0x059341	7	10	0.70
Music_Mom_Ch2	0x0F6BFB	0x059397	5	6	0.83
Music_Mom_Ch3	0x0F6C20	0x0593BB	5	5	1.00
Music_Mom_Ch4	0x0F6C51	0x0593EB	5	6	0.83
Music_LookHiker_Ch1	0x0F741D	0x1077E5	5	6	0.83
Music_LookHiker_Ch2	0x0F7443	0x10780A	5	6	0.83
Music_LookKimonoGirl_Ch2	0x0F7A55	0x059A00	14	22	0.64
Music_LookKimonoGirl_Ch3	0x0F7AD4	0x059A7E	11	12	0.92
Music_BugCatchingContest_Ch2	0x0F7CF4	0x059B75	21	36	0.58
Music_BugCatchingContest_Ch4	0x0F7E9A	0x08C4FE	65	78	0.83
Font	0x0F8200	0x0F720D	184	217	0.85
Frames	0x0F8800	0x0F7815	86	86	1.00
StatsScreenPageTilesGFX	0x0F89B0	0x104000	35	60	0.58
UnusedUpArrowGFX	0x0F921C	0x0F74CC	2	4	0.50
MapEntryFrameGFX	0x0F9344	0x0E7C1D	24	48	0.50
_LoadStandardFont	0x0FB449	0x011894	2	4	0.50
_LoadFontsExtra1	0x0FB48A	0x0118A4	2	2	1.00
LoadBattleFontsHPBar	0x0FB4F2	0x09EF26	1	1	1.00
LoadHPBar	0x0FB50D	0x0118A4	3	3	1.00
StatsScreen_LoadFont	0x0FB53E	0x0118A1	3	3	1.00
CheckAnyOtherAliveMonsForTrade	0x0FB5DD	0x09FC80	6	6	1.00
PlaceTradePartnerNamesAndParty	0x0FB60D	0x09FCB0	8	8	1.00
KantoMonSpecials	0x0FB656	0x09FCF9	32	32	1.00
CompareNewToOld	0x0FB7D3	0x09FBF3	4	5	0.80
PlaySlowCry	0x0FB841	0x09FDDA	3	6	0.50
AppearUser	0x0FBD77	0x16FECB	1	2	0.50
BadgeTypeBoosts	0x0FBE80	0x0DB7AE	91	94	0.97
_AnimateTileset	0x0FC000	0x0D4000	2	4	0.50
ScrollTileUp	0x0FC34F	0x0D430B	4	4	1.00
ScrollTileDown	0x0FC36A	0x0D4326	5	5	1.00
AnimateFountainTile	0x0FC387	0x0D433C	17	25	0.68
AnimateWaterTile	0x0FC402	0x0D43AF	15	19	0.79
AnimateFlowerTile	0x0FC56D	0x0D46B6	12	16	0.75
LavaBubbleTileFrames	0x0FC605	0x0D473E	11	11	1.00
DoNPCTrade	0x0FCC63	0x0FC134	19	35	0.54
GetTradeMonNames	0x0FCE1B	0x0FC2C2	6	6	1.00
Function10244b	0x10244B	0x02C81B	1	2	0.50
Function102591	0x102591	0x02C81B	1	2	0.50
Function102d9a	0x102D9A	0x041179	1	2	0.50
MobileBattleRemainingTimeText	0x103898	0x0DB7BA	471	472	1.00
PadMapForHDMATransfer	0x104265	0x060A05	4	4	1.00
ShockEmote	0x104350	0x02FA55	13	13	1.00
QuestionEmote	0x104390	0x02FA95	12	12	1.00
HappyEmote	0x1043D0	0x02FAD5	12	12	1.00
SadEmote	0x104410	0x02FB15	12	12	1.00
HeartEmote	0x104450	0x02FB55	11	11	1.00
BoltEmote	0x104490	0x02FB95	12	12	1.00
SleepEmote	0x1044D0	0x02FBD5	13	13	1.00
FishEmote	0x104510	0x02FC15	12	12	1.00
FishingRodGFX	0x104560	0x02FC65	6	6	1.00
BoulderDustGFX	0x104580	0x02FC85	5	5	1.00
EnterMapConnection	0x1045D6	0x1C5BDC	18	27	0.67
StubbedTrainerRankings_HallOfFame2	0x105EF6	0x024A62	2	4	0.50
RunMobileTradeAnim_Frontpics	0x10805B	0x028D43	4	5	0.80
RunMobileTradeAnim_NoFrontpics	0x108089	0x028D43	4	5	0.80
MobileTradeAnim_0f	0x108919	0x014BE4	1	2	0.50
asm_108966	0x108966	0x0291F5	1	2	0.50
MobileTradeAnim_MonDisplay_PrintOTNameAndGender	0x108AA3	0x029318	3	3	1.00
Credits_HandleBButton	0x109908	0x1090C0	3	3	1.00
ConstructCreditsTilemap	0x109A95	0x10921A	12	15	0.80
CreditsPalettes	0x109B6A	0x1092CF	20	20	1.00
CreditsBorderGFX	0x109C24	0x109389	33	33	1.00
CreditsMonsGFX	0x109CB4	0x109409	215	215	1.00
CreditsPichuGFX	0x109CB4	0x109409	215	215	1.00
CreditsSmoochumGFX	0x10A0B4	0x109813	213	213	1.00
CreditsDittoGFX	0x10A4B4	0x109BDF	220	220	1.00
CreditsIgglybuffGFX	0x10A8B4	0x109FFA	216	216	1.00
TitleScreenPalettes	0x10FEDE	0x0088FE	40	71	0.56
Function1133de	0x1133DE	0x1C4389	1	2	0.50
Function113f2d	0x113F2D	0x0045E9	30	43	0.70
Unknown_117a0f	0x117A0F	0x0D6C3A	8	12	0.67
MobileStudium_JumptableIncrement	0x117CDD	0x0DB7B9	198	199	0.99
Function1195f8	0x1195F8	0x02867A	1	1	1.00
Function11a63c	0x11A63C	0x0129E1	2	2	1.00
Function11b397	0x11B397	0x0E2B18	2	4	0.50
Function11b93b	0x11B93B	0x1129E9	4	7	0.57
TilemapPack_11bb7d	0x11BB7D	0x0DB69D	215	280	0.77
Function11c4be	0x11C4BE	0x041179	1	2	0.50
Function11c658	0x11C658	0x0E0008	1	1	1.00
Function11cdaa	0x11CDAA	0x041179	1	2	0.50
Function11ce0b	0x11CE0B	0x008724	1	1	1.00
Palette_11d33a	0x11D33A	0x009B87	19	31	0.61
HoOhFrontpic	0x1205EE	0x117FFF	149	259	0.58
MachampFrontpic	0x120B05	0x11850B	171	247	0.69
NinetalesFrontpic	0x121012	0x118A0A	122	237	0.51
LugiaFrontpic	0x12226E	0x119347	118	211	0.56
ArticunoFrontpic	0x1226D6	0x119799	138	214	0.64
TyphlosionFrontpic	0x123C4D	0x119FFF	97	186	0.52
BlastoiseFrontpic	0x12409C	0x11A3A4	134	207	0.65
RapidashFrontpic	0x1244D8	0x11A7D3	133	209	0.64
MeganiumFrontpic	0x124904	0x11ABE9	107	203	0.53
HitmonleeFrontpic	0x125142	0x11AFFB	119	199	0.60
ScizorFrontpic	0x12555C	0x141C8E	122	204	0.60
TyranitarFrontpic	0x126183	0x11C000	106	195	0.54
MoltresFrontpic	0x126580	0x11C3ED	101	200	0.51
CharizardFrontpic	0x127937	0x11D357	95	188	0.51
SteelixFrontpic	0x1280C9	0x11D9F7	105	190	0.55
AlakazamFrontpic	0x1284AD	0x11DDCD	103	184	0.56
GyaradosFrontpic	0x128886	0x11E18A	113	188	0.60
KangaskhanFrontpic	0x128C54	0x11E54D	107	184	0.58
RhydonFrontpic	0x12901E	0x11E90A	118	183	0.64
RhyhornFrontpic	0x12977F	0x11ECB3	118	184	0.64
SlowbroFrontpic	0x129EB5	0x11F3BF	96	172	0.56
OnixFrontpic	0x12CA47	0x120B3A	101	169	0.60
MachokeFrontpic	0x12D10F	0x1211CE	98	160	0.61
CroconawFrontpic	0x12E86A	0x121B9A	93	158	0.59
JolteonFrontpic	0x12F575	0x121EDD	99	155	0.64
GolbatFrontpic	0x130000	0x12252A	86	157	0.55
VenomothFrontpic	0x1315FA	0x123428	109	150	0.73
ElectabuzzFrontpic	0x131C32	0x123731	110	157	0.70
CharmeleonFrontpic	0x132881	0x123A44	90	146	0.62
KadabraFrontpic	0x132B8B	0x123FFF	124	155	0.80
GastlyFrontpic	0x133194	0x1245F2	84	150	0.56
ParasectFrontpic	0x13378F	0x124BC3	75	144	0.52
AriadosFrontpic	0x134000	0x124EA4	86	141	0.61
WartortleFrontpic	0x1345D2	0x125181	85	145	0.59
BayleefFrontpic	0x1367C3	0x126225	76	140	0.54
MagmarFrontpic	0x136A82	0x1264D9	81	137	0.59
TentacruelFrontpic	0x136D41	0x126790	87	137	0.64
ElekidFrontpic	0x136FFF	0x126F38	73	132	0.55
VulpixFrontpic	0x137836	0x1271EA	79	130	0.61
VaporeonFrontpic	0x138000	0x127494	92	132	0.70
YanmaFrontpic	0x13929D	0x128910	67	126	0.53
PonytaFrontpic	0x139A6E	0x128BA0	63	125	0.50
GravelerFrontpic	0x139FA0	0x12C000	78	128	0.61
PiloswineFrontpic	0x13AF15	0x129320	70	131	0.53
MagnetonFrontpic	0x13B42D	0x1295A1	71	126	0.56
KangaskhanBackpic	0x13BE45	0x129D09	45	85	0.53
ChikoritaFrontpic	0x13D898	0x12AAA7	72	118	0.61
FurretFrontpic	0x13F6EC	0x12C70D	57	108	0.53
CyndaquilFrontpic	0x13F931	0x12C943	65	114	0.57
HitmonchanFrontpic	0x13FB74	0x12CB7B	67	111	0.60
FirebreatherPic	0x1411C1	0x12D651	71	103	0.69
MachopFrontpic	0x1413E9	0x12D871	81	102	0.79
SpearowFrontpic	0x141C43	0x12DC81	58	97	0.60
MagikarpFrontpic	0x141E54	0x12DE89	70	100	0.70
BlackbeltTPic	0x142484	0x12E096	64	103	0.62
BikerPic	0x142692	0x12E29A	61	105	0.58
PidgeyFrontpic	0x143CCC	0x12EA6D	57	101	0.56
MediumPic	0x1447D1	0x12EF64	57	100	0.57
ParasFrontpic	0x14516A	0x12F6DB	66	93	0.71
PokefanmPic	0x145535	0x0C3FFF	53	98	0.54
MachampBackpic	0x145CC5	0x1303AE	59	93	0.63
VenonatFrontpic	0x146089	0x1279D4	51	92	0.55
TyrogueFrontpic	0x14661A	0x123D41	63	91	0.69
MareepFrontpic	0x1469C4	0x130B02	43	86	0.50
EeveeFrontpic	0x146D68	0x130CCD	56	93	0.60
AbraFrontpic	0x14783F	0x13159C	64	86	0.74
SlowpokeFrontpic	0x148718	0x131C88	48	86	0.56
GuitaristPic	0x148E29	0x1321BB	50	88	0.57
VenomothBackpic	0x1491AE	0x132524	55	86	0.64
BellsproutFrontpic	0x149C2B	0x132BED	46	82	0.56
GyaradosBackpic	0x14A30C	0x132F4E	48	83	0.58
NinetalesBackpic	0x14A4BF	0x1330FE	41	82	0.50
LassPic	0x14A9CE	0x13343E	47	85	0.55
FeraligatrBackpic	0x14AED2	0x1335E1	43	84	0.51
MagnetonBackpic	0x14B228	0x133782	43	82	0.52
ElekidBackpic	0x14B8C6	0x133FFF	40	79	0.51
SnorlaxBackpic	0x14BF55	0x134334	17	34	0.50
VenusaurBackpic	0x14C000	0x127BAA	41	81	0.51
RhydonBackpic	0x14C67F	0x1346DE	45	83	0.54
TwinsPic	0x14CE8E	0x134B96	49	78	0.63
CyndaquilBackpic	0x14D4FB	0x134D2A	44	80	0.55
QuilavaBackpic	0x14E331	0x135357	45	76	0.59
SailorPic	0x14E7DD	0x13565B	39	76	0.51
BeautyPic	0x14E969	0x1357DB	50	75	0.67
ZubatBackpic	0x14EC80	0x135960	38	76	0.50
GoldeenBackpic	0x14FBE4	0x1360CD	44	78	0.56
PidgeyBackpic	0x150188	0x1363C9	41	73	0.56
TyphlosionBackpic	0x1507A1	0x136BD0	41	73	0.56
PichuFrontpic	0x150C2C	0x136EBE	39	75	0.52
ElectabuzzBackpic	0x150DAE	0x13703B	43	76	0.57
SteelixBackpic	0x1516B4	0x13731E	53	76	0.70
EeveeBackpic	0x151E2D	0x138154	40	71	0.56
OnixBackpic	0x152595	0x138439	47	73	0.64
MysticalmanPic	0x153B8E	0x138FAC	40	75	0.53
CooltrainerfPic	0x153D00	0x139117	41	71	0.58
GeodudeBackpic	0x1548A3	0x1396B3	38	69	0.55
ScytherBackpic	0x154A12	0x13981C	36	70	0.51
HitmonchanBackpic	0x154CEE	0x139982	33	66	0.50
CooltrainermPic	0x154FC7	0x139AE7	40	68	0.59
BlastoiseBackpic	0x155132	0x139C48	45	69	0.65
MisdreavusBackpic	0x15529D	0x139DAD	33	65	0.51
GeodudeFrontpic	0x155570	0x13A06C	51	70	0.73
ScizorBackpic	0x1556D9	0x13A1D0	39	68	0.57
KadabraBackpic	0x155DE2	0x13A48C	37	69	0.54
SeakingBackpic	0x156A75	0x13AEEB	35	68	0.51
BurglarPic	0x156BD9	0x13B04E	35	67	0.52
MewtwoBackpic	0x158000	0x13C203	35	65	0.54
MagikarpBackpic	0x158C3F	0x13C750	32	62	0.52
MachopBackpic	0x15A2E0	0x13D1B6	35	63	0.56
GravelerBackpic	0x15AC04	0x13D586	36	60	0.60
EspeonBackpic	0x15AE9E	0x13D6D0	36	63	0.57
YoungsterPic	0x15B7AD	0x13DA88	31	62	0.50
SchoolboyPic	0x15BA3D	0x13DBC3	33	60	0.55
TogepiFrontpic	0x15CC99	0x13E27E	32	60	0.53
SuperNerdPic	0x15CDDA	0x13E3BA	34	62	0.55
CaterpieFrontpic	0x15DCC6	0x13EC1E	30	60	0.50
GentlemanPic	0x15E1A7	0x13ED51	43	62	0.69
ZapdosBackpic	0x15EA19	0x1400FE	32	58	0.55
SpinarakFrontpic	0x15F142	0x14059C	30	57	0.53
RhyhornBackpic	0x15F5F8	0x1407E6	55	55	1.00
ParasBackpic	0x160000	0x140C72	29	57	0.51
VaporeonBackpic	0x160128	0x1282DF	41	60	0.68
HitmonleeBackpic	0x1619B3	0x141631	28	51	0.55
AmpharosBackpic	0x162689	0x126A46	26	50	0.52
ArticunoBackpic	0x1630C3	0x140000	31	50	0.62
DonphanBackpic	0x164A3E	0x13A896	23	43	0.53
GolemBackpic	0x165724	0x136857	19	35	0.54
Function16cb0f	0x16CB0F	0x02867E	1	2	0.50
Function16cc25	0x16CC25	0x0129E1	1	2	0.50
LinkCommsBorderGFX	0x16CFC1	0x004484	245	245	1.00
_LinkTextbox	0x16D61D	0x0042EA	11	13	0.85
LoadCableTradeBorderTilemap	0x16D6AE	0x024A65	1	1	1.00
Function171c87	0x171C87	0x024A89	3	5	0.60
Function171d2b	0x171D2B	0x024A89	3	5	0.60
MobilePasswordAttrmap	0x1727ED	0x15ECEA	41	74	0.55
ChooseMobileCenterAttrmap	0x172955	0x15F5EA	41	74	0.55
Music_LookMysticalMan_Ch1	0x178447	0x059D36	17	32	0.53
Music_LookMysticalMan_Ch2	0x17851A	0x059E02	25	32	0.78
Music_LookMysticalMan_Ch3	0x1785DB	0x059EC2	25	29	0.86
Music_BattleTowerTheme_Ch1	0x178895	0x05A4C5	26	35	0.74
Music_BattleTowerTheme_Ch2	0x17896D	0x05A59A	26	33	0.79
Music_BattleTowerTheme_Ch3	0x178A20	0x05A64C	34	43	0.79
Music_BattleTowerLobby_Ch3	0x1795AE	0x05A888	9	15	0.60
Music_MobileCenter_Ch1	0x179629	0x05A90C	18	28	0.64
Sfx_IntroUnown3_Ch7	0x179852	0x0F3E62	2	2	1.00
Sfx_IntroSuicune2_Ch8	0x1798C3	0x02460F	3	3	1.00
Sfx_IntroSuicune4_Ch8	0x179920	0x0F3F30	5	5	1.00
Sfx_GameFreakPresents_Ch5	0x179945	0x0F3F55	3	3	1.00
Sfx_Tingle_Ch5	0x179964	0x0F3F74	1	2	0.50
Sfx_4NoteDitty_Ch5	0x17999B	0x0F3FAB	3	3	1.00
Sfx_Twinkle_Ch5	0x1799CE	0x0F3FDE	4	4	1.00
MenuData_ChallengeExplanationCancel	0x17D297	0x05756C	6	6	1.00
Function17e32b	0x17E32B	0x0E0392	1	1	1.00
String_17ff68	0x17FF68	0x00463B	35	36	0.97
CeruleanGymBadgeSpeechHouse_MapEvents	0x18802B	0x07DB47	2	4	0.50
BillsHouse_MapEvents	0x189B42	0x07DB47	2	4	0.50
OaksLab_MapEvents	0x19BA33	0x0DB729	332	361	0.92
SeafoamGym_MapEvents	0x1AB865	0x0DB797	475	483	0.98
_SavingRecordText	0x1BD39E	0x04D748	3	6	0.50
PrintPage1	0x1DC1B0	0x10BFFE	8	11	0.73
PrintPartyMonPage1	0x1DC381	0x10C135	14	22	0.64
PrintPartyMonPage2	0x1DC47B	0x10C21F	7	12	0.58
DrawPokedexSearchResultsWindow	0x1DE1D1	0x041179	8	12	0.67
DrawDexEntryScreenRightEdge	0x1DE247	0x041220	6	6	1.00
StandardEnglishFont	0x1DE5E6	0x0F720D	184	217	0.85
FrenchGermanFont	0x1DE9E6	0x0F720D	144	211	0.68
SpanishItalianFont	0x1DEDE6	0x0F720D	137	203	0.67
